Please visit the following page to learn about the Chinavasion Product Status Log:,,,http://www.chinavasion.com/product-status-log
Date,Model,Product Name,Chinavasion shop URL,Action,Date product is expected back in stock,Status,New alternatives recommended for customers,Other products recommended for customers
2012-03-23,CVLM-I34,"Skynet One - IP Security Camera (WIFI, DVR, Night Vision)",http://www.chinavasion.com/product_info.php/pName/skynet-one-ip-security-camera-wifi-dvr-night-vision/,"Product closed, put offline",,This product is no longer available and is not coming back.,http://www.chinavasion.com/ip-cameras/ip-security-camera-wifi-ir-cutoff-filter-night-vision-2gen/,http://www.chinavasion.com/ip-cameras/cvuli100/
2012-03-23,CVFQ-E117,10.1 Inch Touch Screen USB Monitor,http://www.chinavasion.com/product_info.php/pName/101-inch-touch-screen-usb-monitor/,"Product closed, put offline",2012-03-30,Product expected back in stock - see date.
2012-03-23,CVUD-A71,2-in-1 Camera Connection Kit and SD Card Reader for iPad / iPad 2,http://www.chinavasion.com/accessories/cvuda71/,"Product closed, put offline",2012-04-04,Product expected back in stock - see date.
2012-03-23,CVEC-B31,Bluetooth Audio Dongle Transmitter,http://www.chinavasion.com/bluetooth-adapters/cvecb31/,"Product closed, put offline",2012-04-03,Product expected back in stock - see date.
2012-03-23,CVIZ-LT46,Anno Domini - Japanese Style Green LED Watch,http://www.chinavasion.com/led-watches/cvizlt46/,"Product closed, put offline",2012-03-30,Product expected back in stock - see date.
2012-03-23,CVEC-B39,Fantasia - HiFi Stereo Bluetooth Headset with Mic (Incredible Sound Quality),http://www.chinavasion.com/bluetooth-headsets/fantasia-hifi-stereo-bluetooth-headset-with-mic-incredible-sound-quality/,"Product closed, put offline",2012-04-06,Product expected back in stock - see date.
2012-03-23,CVWX-A112,Leather Case for iPad 2 - Detachable Bluetooth Keyboard with Built-in Rechargeable Battery,http://www.chinavasion.com/geek-gifts/leather-case-for-ipad-2-detachable-bluetooth-keyboard-with-builtin-rechargeable-battery/,"Product closed, put offline",2012-03-30,This product is no longer available and is not coming back.,http://www.chinavasion.com/geek-gifts-clothing/cvuda72black/
2012-03-23,CVIZ-LT66-WHITE,Mirror LED Watch with Digital Display and Rubber Strap (White),http://www.chinavasion.com/led-watches/mirror-led-watch-with-digital-display-and-rubber-strap-white/,"Product closed, put offline",2012-04-03,Product expected back in stock - see date.
2012-03-23,CVVP-LT69,Dynamo and Solar Powered LED Bicycle Light + Standalone Flashlight,http://www.chinavasion.com/outdoors-gear/dynamo-and-solar-powered-led-bicycle-light-standalone-flashlight/,"Product closed, put offline",,This product is no longer available and is not coming back.,http://www.chinavasion.com/product_info.php/pName/led-bike-light-kit/
2012-03-23,CVWT-J75,2-Way Motorcycle Alarm Security System (100 Meter Range),http://www.chinavasion.com/car-alarm-car-security/2way-motorcycle-alarm-security-system-100-meter-range/,"Product closed, put offline",2012-04-05,Product expected back in stock - see date.
2012-03-23,CVVG-E190,17 Inch Touchscreen LCD with VGA for Gaming and POS,http://www.chinavasion.com/lcd-monitors-tv/17-inch-touchscreen-lcd-with-vga-for-gaming-and-pos/,"Product closed, put offline",2012-03-29,Product expected back in stock - see date.
2012-03-23,CVUT-M227,CyberRaider - 3G Android 2.2 Smartphone with 3.5 Inch Multi-Touch Capacitive Touchscreen (WiFi),http://www.chinavasion.com/android-tablets-phones/cyberraider-3g-android-22-smartphone-with-35-inch-multitouch-capacitive-touchscreen-wifi/,"Product closed, put offline",,This product is no longer available and is not coming back.,http://www.chinavasion.com/android-smartphones/astrum-3g-android-23-smartphone-with-43-inch-hd-touchscreen-quadband-dual-sim/,http://www.chinavasion.com/android-smartphones/aura-android-23-smartphone-with-43-inch-hd-capacitive-touchscreen-dual-sim-8mp-camera/
2012-03-23,CVHM-G409,Digital Ultrasonic Thickness Gauge with Sound Velocity Measurement,http://www.chinavasion.com/cool-gadgets/digital-ultrasonic-thickness-gauge-with-sound-velocity-measurement/,"Product closed, put offline",2012-04-03,Product expected back in stock - see date.
2012-03-23,CVXC-C136,Bluetooth Rearview Mirror with Built-in GPS Navigation (5 Inch HD Touchscreen),http://www.chinavasion.com/mirror-monitors/bluetooth-rearview-mirror-with-builtin-gps-navigation-5-inch-hd-touchscreen/,"Product closed, put offline",2012-03-30,Product expected back in stock - see date.
2012-03-23,CVMK-K154,USB Cassette Player and Tape-to-MP3 Converter,http://www.chinavasion.com/cool-gadgets/usb-cassette-player-and-tapetomp3-converter/,"Product closed, put offline",?,Product is due to return but no restock date is possible for Chinavasion to confirm at present
2012-03-23,CVFD-M214-2GEN,AirMileFone - Quad Band Dual-SIM Cellphone with QWERTY Keyboard,http://www.chinavasion.com/qwerty-cell-phones/airmilefone-quad-band-dualsim-cellphone-with-qwerty-keyboard-2gen/,"Product closed, put offline",,This product is no longer available and is not coming back.,http://www.chinavasion.com/qwerty-cell-phones/quadro-plus-worldwide-qwerty-cell-phone-with-four-sim-card-slots-wifi-quadband/,http://www.chinavasion.com/qwerty-cell-phones/quattuor-worldwide-qwerty-cell-phone-with-four-sim-card-slots-wifi-quadband-gsm/
2012-03-23,CVMK-K65-2GEN,ISDB-T Full Seg USB Dongle - Free TV On Your Computer,http://www.chinavasion.com/more-usb-pc-accessories/isdbt-full-seg-usb-dongle-free-tv-on-your-computer/,"Product closed, put offline",,This product is no longer available and is not coming back.,We don't have alternative product.
2012-03-23,CVUD-A71,2-in-1 Camera Connection Kit and SD Card Reader for iPad / iPad 2,http://www.chinavasion.com/accessories/cvuda71/,"Product open, back on line"
2012-03-23,CVHM-H49,Non-Contact Infrared Thermometer with Laser Targeting/LCD Display,http://www.chinavasion.com/personal-health/cvhmh49/,"Product open, back on line"
2012-03-23,CVSB-845-BLACK-N1,Flexible Bluetooth Headset for Jogging and Sports,http://www.chinavasion.com/bluetooth-headsets/flexible-bluetooth-headset-for-jogging-and-sports/,"Product open, back on line"
2012-03-23,CVHM-H57,Advanced Non-Contact Infrared Thermometer with Laser Targeting and Emissivity Adjustment,http://www.chinavasion.com/personal-health/advanced-noncontact-infrared-thermometer-with-laser-targetingemissivity-adjustment/,"Product open, back on line"
2012-03-23,CVVH-A125,500W Power Inverter (12V DC to 220V AC + 5V USB Port),http://www.chinavasion.com/car-accessories/500w-power-inverter-12v-dc-to-220v-ac-5v-usb-port/,"Product open, back on line"
2012-03-22,CVQD-G220,Key Finder (Transmitter and Receiver Kit),http://www.chinavasion.com/product_info.php/pName/key-finder-transmitter-and-receiver-kit/,"Product open, back on line",2012-04-02,Product expected back in stock - see date.
2012-03-22,CVSI-C124,Headrest Mount 8 Inch LCD Car DVD Player + FM Transmitter,http://www.chinavasion.com/headrest-armrest-monitors/cvsic124/,"Product open, back on line"
2012-03-22,CVRV-G241-N1,Digital Multimeter / Multitester (8 Function Edition),http://www.chinavasion.com/cool-gadgets/digital-multimeter-multitester-8-function-edition/,"Product open, back on line"
2012-03-22,CVJZ-I15-PAL,Weatherproof Night Vision CCTV Super HAD Sony CCD Camera - (PAL),http://www.chinavasion.com/product_info.php/pName/weatherproof-night-vision-cctv-super-had-sony-ccd-camera-pal/,"Product closed, put offline",2012-03-30,Product expected back in stock - see date.
2012-03-22,CVVY-J69,"DVR Card - 8 Video and 4 Audio CH (Motion Detection, Alarm, TV)",http://www.chinavasion.com/dvr-cards-systems/dvr-card-8-video-and-4-audio-ch-motion-detection-alarm-tv/,"Product closed, put offline",2012-03-30,Product expected back in stock - see date.
2012-03-22,CVIB-E189,"Portable DVD Player with 11 Inch Swivel Screen, Music Copy Function, and Analog TV",http://www.chinavasion.com/portable-dvd-players/portable-dvd-player-with-11-inch-swivel-screen-music-copy-function-and-analog-tv/,"Product closed, put offline",,This product is no longer available and is not coming back.,http://www.chinavasion.com/portable-dvd-players/cvxee203-portable-multimedia-dvd-player-with-7-inch-widescreen-swivel-screen/,http://www.chinavasion.com/product_info.php/pName/portable-multimedia-dvd-player-with-12-inch-widescreen/
2012-03-22,CVIR-C129,"Road Explorer 7 Inch Touchscreen Car DVD (1DIN, GPS, DVB-T)",http://www.chinavasion.com/1-din-builtin-tft/road-explorer-7-inch-touchscreen-car-dvd-1din-gps-dvbt/,"Product closed, put offline",2012-03-30,Product expected back in stock - see date.
2012-03-22,CVWB-M256,HD 2012 - 3G Android 2.3 Smartphone with 4.3 inch HD Screen (Dual SIM),http://www.chinavasion.com/android-smartphones/hd-2012-3g-android-23-smartphone-with-43-inch-hd-screen-dual-sim/,"Product closed, put offline",2012-03-29,Product expected back in stock - see date.
2012-03-22,CVWN-M226-Orange,"Fortis - Rugged Waterproof, Dustproof, Shockproof Mobile Phone (Dual SIM, Worldwide Triband GSM)",http://www.chinavasion.com/classic-fold-cell-phones/fortis-orange-rugged-waterproof-dustproof-shockproof-mobile-phone-dual-sim-worldwide-triband-gsm/,"Product open, back on line"
2012-03-22,CVSCL-8101,LED Color Changing Light Bulb with Wireless Remote,http://www.chinavasion.com/product_info.php/pName/led-color-changing-light-bulb-with-wireless-remote/,"Product open, back on line"
2012-03-22,CVSH-CS25,Car Rear View Camera with Wide Angle Lens + Up/Down Adjustment,http://www.chinavasion.com/product_info.php/pName/car-rear-view-camera-with-wide-angle-lens-updown-adjustment/,"Product open, back on line"
2012-03-22,CVWX-A112,Leather Case for iPad 2 - Detachable Bluetooth Keyboard with Built-in Rechargeable Battery,http://www.chinavasion.com/geek-gifts/leather-case-for-ipad-2-detachable-bluetooth-keyboard-with-builtin-rechargeable-battery/,"Product open, back on line"
2012-03-22,CVSL-CS56,Car Parking Sensor System with LCD Distance Display and Voice Warning,http://www.chinavasion.com/rear-view-cameras/car-parking-sensor-system-with-lcd-distance-display-and-voice-warning/,"Product open, back on line"
2012-03-22,CVSN-K161,Long Range Wi-Fi Signal Booster and Wireless Signal Amplifier (2.4GHz),http://www.chinavasion.com/wifi/long-range-wifi-signal-booster-and-wireless-signal-amplifier-24ghz/,"Product open, back on line"
2012-03-22,CVOY-TR08,6 Inch Touchscreen Car GPS w/ Bluetooth + Wireless Camera,http://www.chinavasion.com/product_info.php/pName/6-inch-touchscreen-car-gps-w-bluetooth-wireless-camera/,"Product open, back on line"
2012-03-22,CVECL-7019-TAN,"Headrest/Stand In-Car TFT LCD Monitor, 7 inches -Tan",http://www.chinavasion.com/product_info.php/pName/headreststand-incar-tft-lcd-monitor-7-inches-tan/,"Product closed, put offline",2012-04-02,Product expected back in stock - see date.
2012-03-22,CVUE-TR26-2GEN,Real-Time Motorcycle GPS Tracker with Automatic Security Alerts (Weatherproof),http://www.chinavasion.com/gps-tracking-devices/realtime-motorcyle-gps-tracker-with-automatic-security-alerts-weatherproof/,"Product closed, put offline",2012-03-30,Product expected back in stock - see date.
2012-03-22,CVFD-M217-2GEN,"Minimas - Android 2.2 Froyo Smartphone (Dual SIM, WiFi, 2.8 Inch Touchscreen)",http://www.chinavasion.com/android-tablets-phones/minimas-android-22-froyo-smartphone-dual-sim-wifi-28-inch-touchscreen-2gen/,"Product closed, put offline",,This product is no longer available and is not coming back.,http://www.chinavasion.com/smartphones/arcturus-dual-sim-android-22-smartphone-with-multitouch-capacitive-touchscreen/,http://www.chinavasion.com/android-smartphones/aura-android-23-smartphone-with-43-inch-hd-capacitive-touchscreen-dual-sim-8mp-camera/
2012-03-21,CVSH-I145,"Dual-Stream 16 Channel DVR Security System (H.264, Free 500GB HDD)",http://www.chinavasion.com/dvr-cards-systems/dualstream-16-channel-dvr-security-system-h264-free-500gb-hdd/,"Product closed, put offline",?,Product is due to return but no restock date is possible for Chinavasion to confirm at present,http://www.chinavasion.com/dvr-cards-systems/dual-stream-4-channel-dvr-security-system-h264-free-500gb-hdd/
2012-03-21,CVLM-I116,Complete Surveillance Kit (H264 DVR + 4 SONY CCD Lens Weatherproof Camera + 500GB HDD),http://www.chinavasion.com/dvr-cards-systems/cerberuscomplete-surveillance-kit-h246-dvr4-sony-ccd-weatherproof-camera-500gb-hdd/,"Product closed, put offline",2012-03-27,Product expected back in stock - see date.
2012-03-21,CVOP-E133,"Media Elite - Networked HD Media Player (1080P, Wifi, RSS, BT)",http://www.chinavasion.com/hdd-media-players/hdd-network-media-player/,"Product open, back on line"
2012-03-21,CVWV-I169,"Wireless IP Camera with Micro SD Card Recording (H.264, IR Cut-Off Filter, Nightvision, Motion Detection)",http://www.chinavasion.com/ip-cameras/wireless-ip-camera-with-micro-sd-card-recording-h264-ir-cutoff-filter-nightvision-motion-detection/,"Product open, back on line"
2012-03-21,CVVO-H64,Heart Rate Monitor Exercise Watch with Chest Belt,http://www.chinavasion.com/personal-health/heart-rate-monitor-exercise-watch-with-chest-belt/,"Product open, back on line"
2012-03-21,CVVM-A124,"3-in-1 Car/AC/USB Mini Charger for iPhone, iPad, Samsung Galaxy Tab",http://www.chinavasion.com/car-accessories/3in1-caracusb-mini-charger-for-iphone-ipad-samsung-galaxy-tab/,"Product open, back on line"
2012-03-21,CVXF-A123-White,"Ultra-Thin Extended Battery Power Pack Case for Samsung Galaxy S2 i9100 (LED Indicator, 1000 mAh)",http://www.chinavasion.com/cell-phone-accessories/ultrathin-extended-battery-power-pack-case-for-samsung-galaxy-s2-i9100-led-indicator-1000-mah-white/,"Product open, back on line"
2012-03-21,CVEJS-168T-PAL,Car Reverse Camera - Reversing Aid (PAL),http://www.chinavasion.com/product_info.php/pName/car-reverse-camera-reversing-aid-pal/,"Product closed, put offline",,This product is no longer available and is not coming back.,http://www.chinavasion.com/rear-view-cameras/car-rearview-camera-nightvision-waterproof-eu-license-plate/,http://www.chinavasion.com/rear-view-cameras/car-rear-view-camera-with-automatic-nightvision/
2012-03-21,CVGF-G80,Multi-Pattern 30mW Green Laser Pointer Pen,http://www.chinavasion.com/product_info.php/pName/multipattern-green-laser-pointer-pen/,"Product closed, put offline",,This product is no longer available and is not coming back.,http://www.chinavasion.com/laser-gadgets/cvgflt60/
2012-03-21,CVGF-G219,Blue Laser Pointer Pen (50mW Super Executive Edition),http://www.chinavasion.com/product_info.php/pName/blue-laser-pointer-pen-50mw-super-executive-edition/,"Product closed, put offline",,This product is no longer available and is not coming back.,http://www.chinavasion.com/laser-gadgets/cvgflt60/
2012-03-21,CVSB-G303,Mini LED Light with Motion Detection,http://www.chinavasion.com/led-lighting/cvsbg303/,"Product closed, put offline",2012-03-29,Product expected back in stock - see date.
2012-03-21,CVTM-C104,Complete Car Reversing Kit - Rearview Camera + Parking Sensor + Rearview Mirror,http://www.chinavasion.com/rear-view-cameras/35-inch-tft-screen-car-rearview-mirror-parking-sensor-rearview-camera/,"Product closed, put offline",2012-03-30,Product expected back in stock - see date.
2012-03-21,CVSN-K161,Long Range Wi-Fi Signal Booster and Wireless Signal Amplifier (2.4GHz),http://www.chinavasion.com/wifi/long-range-wifi-signal-booster-and-wireless-signal-amplifier-24ghz/,"Product closed, put offline",2012-03-30,Product expected back in stock - see date.
2012-03-21,CVHM-H57,Advanced Non-Contact Infrared Thermometer with Laser Targeting and Emissivity Adjustment,http://www.chinavasion.com/personal-health/advanced-noncontact-infrared-thermometer-with-laser-targetingemissivity-adjustment/,"Product closed, put offline",2012-03-27,Product expected back in stock - see date.
2012-03-21,CVFQ-E197,8 Inch On-Camera LCD Monitor (BNC Video Input),http://www.chinavasion.com/lcd-monitors-tv/8-inch-oncamera-lcd-monitor-bnc-video-input/,"Product closed, put offline",2012-03-28,Product expected back in stock - see date.
2012-03-21,CVSB-968,LED Light Puck For Car And Undercabinet Use,http://www.chinavasion.com/product_info.php/pName/led-light-puck-for-car-and-undercabinet-use/,"Product open, back on line"
2012-03-21,CVJD-I81,Video Detective - Inspection Camera with Viewscreen,http://www.chinavasion.com/dvr-cards-systems/video-borescope/,"Product open, back on line"
2012-03-21,CVHF-S35,iPhone Solar Battery Charger + Holder for iPhone 3G and 3Gs (2100mAh),http://www.chinavasion.com/solar-products/cvhfs35/,"Product open, back on line"
2012-03-21,CVSB-J60,Wireless Audio Video Transmitter Receiver System,http://www.chinavasion.com/wireless-receivers/cvsbj60/,"Product open, back on line"
2012-03-21,CVEC-B37,PS3 and PC Bluetooth Gaming Headset for FPS Games (Army Style),http://www.chinavasion.com/computer-accessories/cvecb37/,"Product open, back on line"
2012-03-21,CVSH-I127,"Mini Dome Camera - Vandal Proof, Night Vision, SONY CCD-PAL",http://www.chinavasion.com/wired-cctv-cameras/mini-dome-camera-vandal-proof-night-vision-sony-ccd/,"Product open, back on line"
2012-03-21,CVUZ-N24-2GEN,Mebook Touch - 7 Inch Touchscreen eBook Reader and Portable Media Player,http://www.chinavasion.com/large-capacity-pmps/mebook-touch-7-inch-touchscreen-ebook-reader-and-portable-media-player/,"Product open, back on line"
2012-03-21,CVSH-I217,Dark Wolf - Mini Video Security Camera (Nightvision + Weatherproof),http://www.chinavasion.com/wired-cctv-cameras/dark-wolf-mini-video-security-camera-nightvision-weatherproof/,"Product open, back on line"
2012-03-21,CVMH-G408,TOSLINK Digital Optical Audio Cable (150cm),http://www.chinavasion.com/cool-gadgets/toslink-digital-optical-audio-cable-150cm/,"Product open, back on line"
2012-03-21,CVTM-C79-N1,7 Inch HD LCD monitor - In-Car Headrest or Stand,http://www.chinavasion.com/headrest-armrest-monitors/7-inch-hd-lcd-monitor-incar-headrest-or-stand-n1/,"Product open, back on line"
2012-03-21,CVJK-A21,Drivers Edge - HID Xenon Headlamp Kit (H1),http://www.chinavasion.com/product_info.php/pName/drivers-edge-hid-xenon-headlamp-kit-h1/,"Product closed, put offline",2012-03-28,Product expected back in stock - see date.
2012-03-21,CVKH-G116,Fingerprint Time Attendance And Door System (White),http://www.chinavasion.com/product_info.php/pName/fingerprint-time-attendance-and-door-system-white/,"Product closed, put offline",2012-03-30,Product expected back in stock - see date.
2012-03-21,CVQD-G220,Key Finder (Transmitter and Receiver Kit),http://www.chinavasion.com/product_info.php/pName/key-finder-transmitter-and-receiver-kit/,"Product closed, put offline",2012-04-02,Product expected back in stock - see date.
2012-03-21,CVSH-I93,CCTV Security Camera with Sony Super HAD CCD and Nightvision,http://www.chinavasion.com/wired-cctv-cameras/cvshi93/,"Product closed, put offline",2012-04-02,Product expected back in stock - see date.
2012-03-21,CVLM-I131,IP Camera Server with 4 Wireless Cameras (Mini Camera Edition),http://www.chinavasion.com/dvr-cards-systems/ip-camera-server-with-4-wireless-cameras-mini-camera-edition/,"Product closed, put offline",?,Product is due to return but no restock date is possible for Chinavasion to confirm at present,http://www.chinavasion.com/dvr-cards-systems/securone-deux-complete-surveillance-kit-h264-dvr-4-cameras-hdd/,http://www.chinavasion.com/ip-cameras/ip-security-camera-wifi-ir-cutoff-filter-night-vision-2gen/
2012-03-21,CVEYK-C262E-PAL,Car Rearview IR Camera - Under Carriage Mounting -PAL,http://www.chinavasion.com/product_info.php/pName/car-rearview-ir-camera-under-carriage-mounting-pal/,"Product closed, put offline",?,Product is due to return but no restock date is possible for Chinavasion to confirm at present,http://www.chinavasion.com/rear-view-cameras/cvshi98/,http://www.chinavasion.com/rear-view-cameras/car-rear-view-reversing-camera-pal-volkswagen-fit/
2012-03-21,CVVH-A76,200W Power Inverter (12V DC to 220V AC + 5V USB Port),http://www.chinavasion.com/car-accessories/cvvha76/,"Product closed, put offline",?,Product is due to return but no restock date is possible for Chinavasion to confirm at present,http://www.chinavasion.com/car-accessories/cvvha77/,http://www.chinavasion.com/car-accessories/100w-power-inverter-12v-dc-to-220v-ac-5v-usb-port/
2012-03-20,CVVH-A76,200W Power Inverter (12V DC to 220V AC + 5V USB Port),http://www.chinavasion.com/car-accessories/cvvha76/,"Product closed, put offline",2012-03-22,Product expected back in stock - see date.,http://www.chinavasion.com/car-accessories/350w-power-inverter-12v-dc-to-220v-ac-5v-usb-port/
2012-03-20,CVJZ-I55-PAL,"Security Camera (Sony Super HAD CCD, Night Vision, Vandalproof)",http://www.chinavasion.com/product_info.php/pName/security-camera-sony-super-had-ccd-night-vision-vandalproof/,"Product closed, put offline",2012-03-23,Product expected back in stock - see date.
2012-03-20,CVSB-A116,"Classic Phone Dock with Handset for iPhone 4, Android Phones, 3.5mm Jack Phones (Executive Edition)",http://www.chinavasion.com/cell-phone-accessories/classic-phone-dock-with-handset-for-iphone-4-android-phones-35mm-jack-phones-executive-edition/,"Product closed, put offline",2012-03-23,Product expected back in stock - see date.,http://www.chinavasion.com/cell-phone-accessories/old-school-phone-dock-with-handset-iphone-android-phones35mm-jack-phones/
2012-03-20,CVSB-845-BLACK-N1,Flexible Bluetooth Headset for Jogging and Sports,http://www.chinavasion.com/bluetooth-headsets/flexible-bluetooth-headset-for-jogging-and-sports/,"Product closed, put offline",2012-03-23,Product expected back in stock - see date.
2012-03-20,CVSCL-8101,LED Color Changing Light Bulb with Wireless Remote,http://www.chinavasion.com/product_info.php/pName/led-color-changing-light-bulb-with-wireless-remote/,"Product closed, put offline",2012-03-26,Product expected back in stock - see date.
2012-03-20,CVSF-C32,Dark Night 7 Inch Touch Screen Car Media System with GPS + DVB-T,http://www.chinavasion.com/product_info.php/pName/dark-night-7-inch-touch-screen-car-media-system-with-gps-dvbt/,"Product closed, put offline",,This product is no longer available and is not coming back.,http://www.chinavasion.com/product_info.php/pName/stargate-7-inch-touch-screen-car-media-system-and-gps-navigator/
2012-03-20,CVFR-I89,Renegade - Extreme Sports Camera - All Metal,http://www.chinavasion.com/sports-action-camcorders/cvfri89/,"Product closed, put offline",2012-04-06,Product expected back in stock - see date.
2012-03-20,CVTK-K147,MegaHub - 36 Port Powered USB 2.0 Hub,http://www.chinavasion.com/usb-accessories/cvtkk147/,"Product closed, put offline",2012-04-02,Product expected back in stock - see date.
2012-03-20,CVUD-A114,Protective Leather Case with Spill-Proof Bluetooth Keyboard for iPad2 (Rotatable),http://www.chinavasion.com/cool-gadgets/cvuda114/,"Product closed, put offline",,This product is no longer available and is not coming back.,http://www.chinavasion.com/cell-phone-accessories/ipad-2-leather-case-with-removable-bluetooth-keyboard-/,http://www.chinavasion.com/geek-gifts-clothing/cvuda72black/
2012-03-20,CVTM-C100-2GEN,9 Inch LCD Monitor for In-Car Headrest or Stand,http://www.chinavasion.com/headrest-armrest-monitors/9-inch-lcd-monitor-for-incar-headrest-or-stand-2gen/,"Product closed, put offline",2012-03-29,Product expected back in stock - see date.
2012-03-20,CVPN-HD04-2GEN,1080P Full HD Multimedia Player with Internet Access and 3.5” HDD Enclosure,http://www.chinavasion.com/hdd-media-players/1080p-full-hd-multimedia-player-with-internet-access-and-35”-hdd-enclosure/,"Product closed, put offline",2012-04-02,Product expected back in stock - see date.
2012-03-20,CVLM-I202,SecurONE Outdoors Lite - Complete Surveillance Kit (H264 DVR + 4 CMOS Weatherproof IP Camera + 500GB HDD),http://www.chinavasion.com/dvr-cards-systems/securone-outdoors-lite-complete-surveillance-kit-h264-dvr-4-cmos-weatherproof-ip-camera-500gb-hdd/,"Product closed, put offline",,Product is due to return but no restock date is possible for Chinavasion to confirm at present
2012-03-20,CVGB-F07,7 Inch Digital Picture Frame and Video Player,http://www.chinavasion.com/product_info.php/pName/7-inch-digital-picture-frame-and-video-player/,"Product open, back on line"
2012-03-20,CVIZ-G296,Sauron - Japanese Style Inspired LED Watch,http://www.chinavasion.com/led-watches/cvizg296/,"Product open, back on line"
2012-03-20,CVUJ-K157,"Ultra Compact Mini Bluetooth Keyboard for iPad, Android, PS3 and More",http://www.chinavasion.com/mouse-keyboard/ultra-compact-mini-bluetooth-keyboard-for-ipad-android-ps3-and-more/,"Product open, back on line"
2012-03-20,CVSH-I160-PAL,Weatherproof Mini Car Reversing Camera - Sony CCD (PAL),http://www.chinavasion.com/rear-view-cameras/cvshi160pal/,"Product open, back on line"
2012-03-20,CVGI-E199,Portable USB Interactive Whiteboard (IR Pen-based),http://www.chinavasion.com/projectors-home-theater/portable-USB-interactive-whiteboard/,"Product open, back on line"
2012-03-19,CVSA-428-black-pair,Car Headrest DVD Player/Game System Black (pair) - 7 Inch,http://www.chinavasion.com/product_info.php/pName/car-headrest-dvd-playergame-system-black-pair-7-inch/,"Product open, back on line"
2012-03-19,CVFQ-E118,"8 Inch LCD Touchscreen Monitor (AV, VGA, HDMI, Car Kit)",http://www.chinavasion.com/product_info.php/pName/8-inch-lcd-touchscreen-monitor-av-vga-hdmi-car-kit/,"Product open, back on line"
2012-03-19,CVIZ-LT43,Anno Domini - Japanese Style Red LED Watch,http://www.chinavasion.com/led-watches/cvizlt43/,"Product open, back on line"
2012-03-19,CVUZ-N18-4GB,Mebook - 7 Inch High Resolution eBook Reader + Super Media Player (4GB),http://www.chinavasion.com/cool-gadgets/cvuzn184gb/,"Product open, back on line"
2012-03-19,CVIZ-LT66,Mirror LED Watch with Digital Display and Rubber Strap,http://www.chinavasion.com/led-watches/mirror-led-watch-with-digital-display-and-rubber-strap-/,"Product open, back on line"
2012-03-19,CVUE-TR26-2GEN,Real-Time Motorcycle GPS Tracker with Automatic Security Alerts (Weatherproof),http://www.chinavasion.com/gps-tracking-devices/realtime-motorcyle-gps-tracker-with-automatic-security-alerts-weatherproof/,"Product open, back on line"
2012-03-19,CVQD-L19,4GB Sports Waterproof MP3 Player,http://www.chinavasion.com/portable-mp3-players/4gb-sports-waterproof-mp3-player-cvqdl19/,"Product open, back on line"
2012-03-19,CVEZJ-6713DB,Large Screen Bluetooth Car DVD Player - 1-Din,http://www.chinavasion.com/product_info.php/pName/large-screen-bluetooth-car-dvd-player-1din/,"Product closed, put offline",2012-03-30,Product expected back in stock - see date.
2012-03-19,CVEYK-C262E-PAL,Car Rearview IR Camera - Under Carriage Mounting -PAL,http://www.chinavasion.com/product_info.php/pName/car-rearview-ir-camera-under-carriage-mounting-pal/,"Product closed, put offline",2012-03-30,Product expected back in stock - see date.
2012-03-19,CVSH-I07,Waterproof Night Vision Security Camera - Designer Edition (PAL),http://www.chinavasion.com/product_info.php/pName/waterproof-night-vision-security-camera-designer-edition-pal/,"Product closed, put offline",,This product is no longer available and is not coming back.,http://www.chinavasion.com/wired-cctv-cameras/security-camera-with-13-inch-sony-ccd-intelligent-motion-detection-ir/
2012-03-19,CVNI-G170,GPS Cellphone Wrist Watch,http://www.chinavasion.com/product_info.php/pName/gps-cellphone-wrist-watch/,"Product closed, put offline",,This product is no longer available and is not coming back.,http://www.chinavasion.com/cell-phone-watch/puma-sports-and-multimedia-mobile-phone-watch-quadband-gsm-2gb-bluetooth/
2012-03-19,CVMH-E92,4 Port USB Device Server,http://www.chinavasion.com/product_info.php/pName/4-port-usb-device-server/,"Product closed, put offline",,This product is no longer available and is not coming back.,http://www.chinavasion.com/computer-accessories/usb-20-server-share-device-for-pc-10100-ethernet-1-port-nas/
2012-03-19,CVQV-G230,"LED Dog Collar (Red, Water Resistant, Ultra Durable)",http://www.chinavasion.com/product_info.php/pName/led-dog-collar-red-water-resistant-ultra-durable/,"Product closed, put offline",,This product is no longer available and is not coming back.,http://www.chinavasion.com/cool-gadgets/red-optical-fiber-led-dog-leash-water-resistant-ultra-durable/
2012-03-19,CVLM-I70,Wireless IP Camera with Night Vision and Motion Detection Alarm (White),http://www.chinavasion.com/product_info.php/pName/wireless-ip-camera-night-vision-motion-detection-alarm/,"Product closed, put offline",2012-03-30,Product expected back in stock - see date.
2012-03-19,CVOP-E133,"Media Elite - Networked HD Media Player (1080P, Wifi, RSS, BT)",http://www.chinavasion.com/hdd-media-players/hdd-network-media-player/,"Product closed, put offline",2012-03-23,Product expected back in stock - see date.
2012-03-19,CVSB-H46,Sports Exercise Watch with Pulse + Calorie Reader,http://www.chinavasion.com/personal-health/exercise-watch-pulse-calorie-reader/,"Product closed, put offline",2012-03-30,Product expected back in stock - see date.
2012-03-19,CVIZ-G296,Sauron - Japanese Style Inspired LED Watch,http://www.chinavasion.com/led-watches/cvizg296/,"Product closed, put offline",2012-03-23,Product expected back in stock - see date.
2012-03-19,CVLM-I102,SecurONE Outdoors Edition - Complete Surveillance Kit (H264 DVR + 4 Weatherproof IP Cameras + 500GB HDD),http://www.chinavasion.com/dvr-cards-systems/cvlmi102/,"Product closed, put offline",2012-03-28,Product expected back in stock - see date.
2012-03-19,CVUD-A83,Leather Case with Spill-Proof Wireless Keyboard for iPad 2 (Black),http://www.chinavasion.com/computer-accessories/cvuda83/,"Product closed, put offline",2012-03-30,Product expected back in stock - see date.
2012-03-19,CVEC-B38,Over-the-head Bluetooth Headset with Boom Mic (18 hours talk time),http://www.chinavasion.com/bluetooth-headsets/cvecb38/,"Product closed, put offline",2012-03-30,Product expected back in stock - see date.
2012-03-19,CVQD-G317,High Capacity External Charger and Holder for iPhone 4 and iPhone 4S,http://www.chinavasion.com/solar-products/high-capacity-external-charger-and-holder-for-iphone-4/,"Product closed, put offline",,This product is no longer available and is not coming back.,http://www.chinavasion.com/cell-phone-accessories/slim-iphone-battery-case-for-iphone-4-4s-1500mah-white/
2012-03-19,CVJP-I114,USB Flash Drive Audio Recorder - 240 Hours,http://www.chinavasion.com/spy-gadgets/usb-flash-drive-spy-audio-recorder-240-hours/,"Product closed, put offline",?,Product is due to return but no restock date is possible for Chinavasion to confirm at present,http://www.chinavasion.com/usb-flash-drive-PC-audio-recorder-240-hours-white/
2012-03-19,CVUD-A83-White,Leather Case with Spill-Proof Wireless Keyboard for iPad 2 (White),http://www.chinavasion.com/geek-gifts/leather-case-with-spillproof-wireless-keyboard-for-ipad-2-white/,"Product closed, put offline",2012-04-04,Product expected back in stock - see date.
2012-03-19,CVUD-A97,360 Degree Adjustable Bluetooth Slider Keyboard Case for iPad 2,http://www.chinavasion.com/cool-gadgets/360-degree-rotating-bluetooth-wireless-keyboard-case-for-ipad-2--black/,"Product closed, put offline",2012-04-02,Product expected back in stock - see date.
2012-03-19,CVSB-A98,Protective Case with External Battery and Speaker Amplifier for iPhone 4,http://www.chinavasion.com/cell-phone-accessories/protective-case-with-external-battery-and-speaker-amplifier-for-iphone-4/,"Product closed, put offline",2012-03-26,Product expected back in stock - see date.
2012-03-19,CVSN-E174,Excelsior - 7 Inch DVB-T Mobile TV with Digital TV Recording,http://www.chinavasion.com/digital-tv/cvsne174/,"Product closed, put offline",2012-03-28,Product expected back in stock - see date.
2012-03-19,CVMG-DC42,"Mini HD Sports Camera (720p, 30 Meter Waterproof, 4 White + 4 IR LEDs, Motion Detection)",http://www.chinavasion.com/sports-action-camcorders/mini-hd-sports-camera-720p-waterproof-4-leds-4-ir-motion-detection/,"Product closed, put offline",,This product is no longer available and is not coming back.,http://www.chinavasion.com/sports-action-camcorders/mini-hd-sports-camera-1080p-30-meter-waterproof-led-laser-light-hdmi/
2012-03-19,CVSH-E176,"Dual-Stream 8 Channel DVR Security System (H.264, free 500GB HDD)",http://www.chinavasion.com/dvr-cards-systems/dualstream-8-channel-dvr-security-system-h264-free-500gb-hdd/,"Product closed, put offline",2012-04-03,Product expected back in stock - see date.
2012-03-19,CVQL-G225-N1,"Multimedia Video Glasses - Movies, Games and More (40 Inch Virtual Screen)",http://www.chinavasion.com/cool-gadgets/multimedia-video-glasses-movies-games-and-more-40-inch-virtual-screen/,"Product closed, put offline",,This product is no longer available and is not coming back.,http://www.chinavasion.com/cool-gadgets/60-inch-virtual-video-screen-glasses-for-iphone-ipad-ipod/
2012-03-19,CVWX-A112,Leather Case for iPad 2 - Detachable Bluetooth Keyboard with Built-in Rechargeable Battery,http://www.chinavasion.com/geek-gifts/leather-case-for-ipad-2-detachable-bluetooth-keyboard-with-builtin-rechargeable-battery/,"Product closed, put offline",2012-03-30,Product expected back in stock - see date.
2012-03-19,CVWV-I169,"Wireless IP Camera with Micro SD Card Recording (H.264, IR Cut-Off Filter, Nightvision, Motion Detection)",http://www.chinavasion.com/ip-cameras/wireless-ip-camera-with-micro-sd-card-recording-h264-ir-cutoff-filter-nightvision-motion-detection/,"Product closed, put offline",2012-03-26,Product expected back in stock - see date.
2012-03-19,CVGC-LT74,Direct-Stick Flexible LED Light Strip + Warm White LED Light (5 Meters),http://www.chinavasion.com/led-lighting/directstick-flexible-orange-led-light-strip-warm-white-light-5-meters/,"Product closed, put offline",2012-03-27,Product expected back in stock - see date.
2012-03-19,CVSL-J77,"Cell Phone Jammer Picture Frame (CDMA, GSM, DCS, PHS, 3G)",http://www.chinavasion.com/jammers/cell-phone-jammer-picture-frame-cdma-gsm-dcs-phs-3g/,"Product closed, put offline",,This product is no longer available and is not coming back.,We don't have alternative of this products.
2012-03-19,CVNG-DV66-N1,Crocolis HD - 1080P Full HD Extreme Sports Action Camera (Waterproof),http://www.chinavasion.com/sports-action-camcorders/crocolis-hd-1080p-full-hd-extreme-sports-action-camera-waterproof-n1/,"Product closed, put offline",2012-03-26,Product expected back in stock - see date.
2012-03-19,CVWI-G374,Leather Case with Spill-Proof Bluetooth Keyboard for Samsung Galaxy Tab 10.1,http://www.chinavasion.com/cool-gadgets/leather-case-with-spillproof-bluetooth-keyboard-for-samsung-galaxy-tab-101/,"Product closed, put offline",2012-04-03,Product expected back in stock - see date.
2012-03-19,CVSI-C124,Headrest Mount 8 Inch LCD Car DVD Player + FM Transmitter,http://www.chinavasion.com/headrest-armrest-monitors/cvsic124/,"Product closed, put offline",2012-03-23,Product expected back in stock - see date.
2012-03-19,CVFD-M173-BROWN,"Vivistar 3.6 Inch Quad Band Dual SIM Slider Phone - Brown (WIFI, TV, QWERTY)",http://www.chinavasion.com/slide-twist-cell-phones/cvfdm173brown/,"Product closed, put offline",2012-03-26,Product expected back in stock - see date.
2012-03-19,CVPF-G394,"9000mAh Portable Battery Charger for iPad, iPhone, Samsung Galaxy Tab, Micro/Mini USB, More",http://www.chinavasion.com/cool-gadgets/9000mah-portable-battery-charger-ipad-iphone-samsung-galaxy-tab-micromini-usb-more/,"Product closed, put offline",2012-03-23,Product expected back in stock - see date.
2012-03-19,CVSH-I215,Mini Video Security Camera (Sony Color CCD + High Power Nightvision + Weatherproof),http://www.chinavasion.com/wired-cctv-cameras/mini-video-security-camera-sony-color-ccd-high-power-nightvision-weatherproof-i215/,"Product closed, put offline",2012-03-30,Product expected back in stock - see date.
2012-03-19,CVUA-CS58,3.5 Inch Rearview Parking Monitor + EU License Plate Rearview Camera,http://www.chinavasion.com/rear-view-cameras/35-inch-rearview-parking-monitor-eu-license-plate-rearview-camera/,"Product closed, put offline",,This product is no longer available and is not coming back.,http://www.chinavasion.com/rear-view-cameras/car-rearview-camera-nightvision-waterproof-eu-license-plate/
2012-03-19,CVVH-A125,500W Power Inverter (12V DC to 220V AC + 5V USB Port),http://www.chinavasion.com/car-accessories/500w-power-inverter-12v-dc-to-220v-ac-5v-usb-port/,"Product closed, put offline",2012-03-23,Product expected back in stock - see date.
2012-03-19,CVEM-M260,"Condor - Android 2.3 Smartphone with 3.5 Inch Capacitive HD Touchscreen (3MP Camera, Dual SIM, WiFi)",http://www.chinavasion.com/android-smartphones/condor-android-23-smartphone-with-35-inch-capacitive-hd-touchscreen-3mp-camera-dual-sim-wifi/,"Product closed, put offline",2012-04-10,Product expected back in stock - see date.
2012-03-19,CVKW-G415,Tactical Red and Green Dot Reflex / Reflector Gun Sight (11mm Rail Mount),http://www.chinavasion.com/cool-gadgets/tactical-red-and-green-dot-reflex-reflector-gun-sight-11mm-rail-mount/,"Product closed, put offline",,This product is no longer available and is not coming back.,http://www.chinavasion.com/laser-gadgets/tactical-red-laser-gun-sight-weaver-rail-mount-dual-switch/
2012-03-19,CVRV-G241-N1,Digital Multimeter / Multitester (8 Function Edition),http://www.chinavasion.com/cool-gadgets/digital-multimeter-multitester-8-function-edition/,"Product closed, put offline",2012-03-21,Product expected back in stock - see date.
2012-03-19,CVSH-E195,"Dual-Stream 8 Channel DVR Security System (H.264, Free 1TB HDD)",http://www.chinavasion.com/dvr-cards-systems/dualstream-8-channel-dvr-security-system-h264-free-1tb-hdd/,"Product closed, put offline",2012-03-21,Product expected back in stock - see date.
2012-03-19,CVLM-I71,Wireless Mini Nightvision Camera + USB DVR Receiver Set,http://www.chinavasion.com/product_info.php/pName/wireless-mini-nightvision-camera-usb-dvr-receiver-set/,"Product closed, put offline",2012-03-23,Product expected back in stock - see date.
2012-03-19,CVLM-I123-2GEN,"Skynet Pro - IP Security Camera (WIFI, IR Cut-Off Filter, Night Vision, 2x Optical Zoom)",http://www.chinavasion.com/ip-cameras/cvlmi1232gen/,"Product closed, put offline",2012-03-23,Product expected back in stock - see date.
2012-03-19,CVVO-G383,"Wireless Key Finder Set (1 Transmitter, 5 Receiver)",http://www.chinavasion.com/product_info.php/products_id/8118,"Product open, back on line",2012-03-26,Product expected back in stock - see date.
2012-03-19,CVSH-G418,Mouse Magnifier for People with Low Vision,http://www.chinavasion.com/mouse-keyboard/mouse-magnifier-for-people-with-low-vision/,"Product open, back on line"
2012-03-19,CVDQ-M251-2GEN,"Astrum - 3G Android 2.3 Smartphone with 4.3 Inch HD Touchscreen (Quadband, Dual SIM)",http://www.chinavasion.com/android-smartphones/astrum-3g-android-23-smartphone-with-43-inch-hd-touchscreen-quadband-dual-sim/,"Product open, back on line"
2012-03-19,CVJZ-I54-PAL,"Security Camera (Sony Interline CCD, Night Vision, Vandalproof)",http://www.chinavasion.com/product_info.php/pName/security-camera-sony-interline-ccd-night-vision-vandalproof/,"Product closed, put offline",2012-03-26,Product expected back in stock - see date.
2012-03-19,CVSB-B21,Handsfree Bluetooth Car Kit (Solar Powered),http://www.chinavasion.com/product_info.php/pName/handsfree-bluetooth-car-kit-solar-powered/,"Product closed, put offline",2012-03-28,Product expected back in stock - see date.
2012-03-19,CVSH-I127,"Mini Dome Camera - Vandal Proof, Night Vision, SONY CCD-PAL",http://www.chinavasion.com/wired-cctv-cameras/mini-dome-camera-vandal-proof-night-vision-sony-ccd/,"Product closed, put offline",2012-03-26,Product expected back in stock - see date.
2012-03-19,CVAJM-104M,Digital 4 Camera Quad Processor,http://www.chinavasion.com/product_info.php/pName/digital-4-camera-quad-processor/,"Product open, back on line"
2012-03-19,CVSB-014,Micro Bluetooth Dongle,http://www.chinavasion.com/product_info.php/pName/micro-bluetooth-dongle/,"Product open, back on line"
2012-03-19,CVSA-409,Perfectly Simple USB DVR,http://www.chinavasion.com/product_info.php/pName/perfectly-simple-usb-dvr/,"Product open, back on line"
2012-03-19,CVFW-K10-16S,16GB SD Memory Card (Single),http://www.chinavasion.com/product_info.php/pName/16gb-sd-memory-card-single/,"Product open, back on line"
2012-03-19,CVIJ-G202,Electronic Cigarette (Luxury Edition),http://www.chinavasion.com/product_info.php/pName/electronic-cigarette-luxury-edition/,"Product open, back on line",,,http://www.chinavasion.com/personal-health/cvfah47/
2012-03-19,CVSB-A99,"Waterproof Case for iPhone, iPod Touch, Android Smartphones with Waterproof Earphones",http://www.chinavasion.com/cell-phone-accessories/waterproof-case-for-iphone-ipod-touch-android-smartphones-with-waterproof-earphones/,"Product open, back on line"
2012-03-19,CVSB-G335,Easy Light 2 - Double Gang Touch Sensitive Light Switch,http://www.chinavasion.com/led-lighting/easy-light-2-double-gang-touch-sensitive-light-switch/,"Product open, back on line"
2012-03-19,CVTM-I213,4.3 Inch Wireless Rearview Parking Monitor with Weatherproof Nightvision Camera,http://www.chinavasion.com/rear-view-cameras/43-inch-wireless-rearview-parking-monitor-with-weatherproof-nightvision-camera/,"Product open, back on line"
2012-03-19,CVUZ-PC26,Alphecca - Android 2.3 Tablet with 7 Inch Capacitive Screen and WiFi (4GB),http://www.chinavasion.com/android-tablets/alphecca-android-23-tablet-with-7-inch-capacitive-screen-and-wifi-4gb/,"Product open, back on line"
2012-03-19,CVVH-A76,200W Power Inverter (12V DC to 220V AC + 5V USB Port),http://www.chinavasion.com/car-accessories/cvvha76/,"Product closed, put offline",2012-03-22,Product expected back in stock - see date.
2012-03-16,CVQD-S39,iPhone 4 Solar Battery Charger + Holder (2400mAh),http://www.chinavasion.com/product_info.php/products_id/6505,"Product closed, put offline",,This product is no longer available and is not coming back.,http://www.chinavasion.com/solar-products/high-capacity-external-charger-and-holder-for-iphone-4/
2012-03-16,CVSB-845-BLACK-N1,Flexible Bluetooth Headset for Jogging and Sports,http://www.chinavasion.com/bluetooth-headsets/flexible-bluetooth-headset-for-jogging-and-sports/,"Product closed, put offline",2012-03-20,Product expected back in stock - see date.
2012-03-16,CVGI-E199,Portable USB Interactive Whiteboard (IR Pen-based),http://www.chinavasion.com/projectors-home-theater/portable-USB-interactive-whiteboard/,"Product closed, put offline",2012-03-19,Product expected back in stock - see date.
2012-03-16,CVIB-E150,Portable Multimedia DVD Player with 15 Inch Widescreen,http://www.chinavasion.com/portable-dvd-players/cvibe150/,"Product closed, put offline",2012-03-23,Product expected back in stock - see date.
2012-03-16,CVSH-I107,"True View Dual Reverse Cameras (Waterproof, Wide Angle Lens + Standard Lens)",http://www.chinavasion.com/rear-view-cameras/cvshi107/,"Product closed, put offline",2012-03-28,Product expected back in stock - see date.
2012-03-16,CVAJM-950-PAL,Vandal Proof Day + Night Dome Camera - 1/3 Inch CCD -PAL,http://www.chinavasion.com/product_info.php/pName/vandal-proof-day-night-dome-camera-13-inch-ccd-pal/,"Product closed, put offline",2012-03-23,Product expected back in stock - see date.
2012-03-16,CVSB-968,LED Light Puck For Car And Undercabinet Use,http://www.chinavasion.com/product_info.php/pName/led-light-puck-for-car-and-undercabinet-use/,"Product closed, put offline",2012-03-23,Product expected back in stock - see date.
2012-03-16,CVLM-I80,IP Camera Server with 4 Wireless Cameras,http://www.chinavasion.com/wired-cctv-cameras/ip-camera-server/,"Product closed, put offline",2012-03-26,Product expected back in stock - see date.
2012-03-16,CVOY-TR08,6 Inch Touchscreen Car GPS w/ Bluetooth + Wireless Camera,http://www.chinavasion.com/product_info.php/pName/6-inch-touchscreen-car-gps-w-bluetooth-wireless-camera/,"Product closed, put offline",2012-03-19,Product expected back in stock - see date.
2012-03-16,CVEHL-62,Breathalyzer Keychain Car Gadget - Flashlight + Stopwatch,http://www.chinavasion.com/product_info.php/pName/breathalyzer-keychain-car-gadget-flashlight-stopwatch/,"Product open, back on line"
2012-03-16,CVSI-C81-BLACK,9 Inch Headrest DVD Player + Gaming System + FM Transmitter (Black Pair),http://www.chinavasion.com/headrest-armrest-monitors/9-inch-car-headrest-dvd-player/,"Product open, back on line"
2012-03-16,CVGF-G25,Laser Effects Projector With Red And Green Lights,http://www.chinavasion.com/product_info.php/pName/laser-effects-projector-with-red-and-green-lights/,"Product closed, put offline",,This product is no longer available and is not coming back.,http://www.chinavasion.com/product_info.php/pName/double-laser-dmx-projector-sound-activated-cloud-background/
2012-03-16,CVGF-G64,High Power 30mW Green Laser Pointer Pen (Executive Edition),http://www.chinavasion.com/product_info.php/pName/high-power-30mw-green-laser-pointer-pen-executive-edition/,"Product closed, put offline",,This product is no longer available and is not coming back.,http://www.chinavasion.com/laser-gadgets/long-distance-green-laser-designator-for-rifles-weaver-rail-mount-/
2012-03-16,CVVJ-I132,Underwater Boat Camera with Sony Super HAD CCD (10 Meters),http://www.chinavasion.com/wired-cctv-cameras/underwater-boat-camera-with-sony-super-had-ccd-10-meters/,"Product closed, put offline",,This product is no longer available and is not coming back.
2012-03-16,CVJP-I141,USB Flash Drive Audio Recorder - 240 Hours (Black),http://www.chinavasion.com/usb-flash-drive-PC-audio-recorder-240-hours-black/,"Product closed, put offline",?,Product is due to return but no restock date is possible for Chinavasion to confirm at present
2012-03-16,CVSF-C117,"1 DIN Car Audio Entertainment System (MP4/DVD/VCD/MP3/CD, 50W x 4)",http://www.chinavasion.com/product_info.php/products_id/7550,"Product closed, put offline",,This product is no longer available and is not coming back.,http://www.chinavasion.com/1-din-builtin-tft/1-din-car-audio-entertainment-system-cddvdvcdsdusbaux-in-50w-x-4/
2012-03-16,CVUZ-N24-2GEN,Mebook Touch - 7 Inch Touchscreen eBook Reader and Portable Media Player,http://www.chinavasion.com/large-capacity-pmps/mebook-touch-7-inch-touchscreen-ebook-reader-and-portable-media-player/,"Product closed, put offline",2012-03-20,Product expected back in stock - see date.
2012-03-16,CVAJM-950-PAL,Vandal Proof Day + Night Dome Camera - 1/3 Inch CCD -PAL,http://www.chinavasion.com/product_info.php/pName/vandal-proof-day-night-dome-camera-13-inch-ccd-pal/,"Product open, back on line"
2012-03-16,CVBS-S36,"Portable Solar Charger and Battery (12,000 mAh)",http://www.chinavasion.com/solar-products/cvbss36/,"Product open, back on line"
2012-03-16,CVSH-I127,"Mini Dome Camera - Vandal Proof, Night Vision, SONY CCD-PAL",http://www.chinavasion.com/wired-cctv-cameras/mini-dome-camera-vandal-proof-night-vision-sony-ccd/,"Product open, back on line"
2012-03-16,CVWV-I212,"Wireless IP Security Camera with PTZ Control and Auto Iris Lens (Waterproof, Nightvision, WiFi)",http://www.chinavasion.com/ip-cameras/wireless-ip-security-camera-with-ptz-control-and-auto-iris-lens-waterproof-nightvision-wifi/,"Product open, back on line"
2012-03-16,CVXH-C135,7 Inch Headrest DVD Player with Gaming System (Black Pair),http://www.chinavasion.com/headrest-armrest-monitors/7-inch-headrest-dvd-player-with-gaming-system-black-pair-/,"Product open, back on line"
2012-03-16,CVJP-G278-2GEN,Digital Voice and Telephone Recorder (Journalist Edition),http://www.chinavasion.com/security-gadgets/digital-voice-and-telephone-recorder-journalist-edition-2gen/,"Product open, back on line"
2012-03-16,CVAK-E155-BLACK-2GEN,"MediaMax Pro - LED Multimedia Projector (DVB-T, HDMI, VGA, AV) - Black",http://www.chinavasion.com/projectors-home-theater/cvake155black2gen/,"Product open, back on line"
2012-03-16,CVWV-I221,Nightvision IP Security Camera with WIFI (IR Cut-off Filter),http://www.chinavasion.com/ip-cameras/nightvision-ip-security-camera-with-wifi-ir-cutoff-filter/,"Product open, back on line"
2012-03-16,CVLM-I91,SecurONE - Complete Surveillance Kit (H264 DVR + 4 Cameras + HDD),http://www.chinavasion.com/wireless-camera-sets/cvlmi91/,"Product closed, put offline",2012-03-26,Product expected back in stock - see date.
2012-03-16,CVSL-M49-2GEN,Galactus - Quad Band Cellphone Watch With Video Camera + Media Player,http://www.chinavasion.com/cell-phone-watch/galactus-quad-band-cellphone-watch-with-video-camera-media-player/,"Product closed, put offline",,This product is no longer available and is not coming back.,http://www.chinavasion.com/cell-phone-watch/cvslm267/
2012-03-16,CVSL-I198,Professional Underwater Video Camera with Wireless Viewscreen and DVR,http://www.chinavasion.com/wireless-camera-sets/professional-underwater-video-camera-with-wireless-viewscreen-and-dvr/,"Product closed, put offline",2012-03-26,Product expected back in stock - see date.
2012-03-16,CVXD-K183,Hamburger Mini Palm Speaker,http://www.chinavasion.com/speaker-headphone-earphone/hamburger-mini-palm-speaker/,"Product closed, put offline",2012-04-06,Product expected back in stock - see date.
2012-03-15,WFC-1500-2GEN,Wireless Signal Booster and Receiver Kit (300 meter monster),http://www.chinavasion.com/product_info.php/pName/wireless-signal-booster-and-receiver-kit-300-meter-monster/,"Product open, back on line"
2012-03-15,CVPU-DC15,Motion Detect Video Recorder with Audio,http://www.chinavasion.com/product_info.php/pName/motion-detect-video-recorder-with-audio/,"Product open, back on line"
2012-03-15,CVOW-I99,Baby Monitor with Two Way Audio and Temperature Alarm,http://www.chinavasion.com/baby-monitors/cvowi99/,"Product open, back on line"
2012-03-15,CVOW-I155,"Baby Monitor (Night Vision, AV OUT, Flower Design)",http://www.chinavasion.com/baby-monitors/baby-monitor-night-vision-av-out-flower-design-/,"Product open, back on line"
2012-03-15,CVSB-014,Micro Bluetooth Dongle,http://www.chinavasion.com/product_info.php/pName/micro-bluetooth-dongle/,"Product closed, put offline",2012-03-24,Product expected back in stock - see date.
2012-03-15,CVQP-K87,Digital Eyepiece for Microscope - View and Record to Computer,http://www.chinavasion.com/product_info.php/pName/digital-eyepiece-for-microscope-view-and-record-to-computer/,"Product closed, put offline",,This product is no longer available and is not coming back.,http://www.chinavasion.com/usb-accessories/cvjmk149/
2012-03-15,CVHM-J47,Treasure Hunter - Metal Detector for Standard + Precious Metal,http://www.chinavasion.com/product_info.php/pName/treasure-hunter-metal-detector-for-standard-precious-metal/,"Product closed, put offline",2012-03-30,Product expected back in stock - see date.,http://www.chinavasion.com/product_info.php/pName/wholesale-hand-held-metal-detector-extra-sensitive-setting/
2012-03-15,CVNP-B32,"Super Mini Bluetooth Keyboard for iPhone, iPad, Smartphones",http://www.chinavasion.com/mouse-keyboard/cvnpb32/,"Product closed, put offline",,This product is no longer available and is not coming back.,http://www.chinavasion.com/cell-phone-accessories/mini-bluetooth-keyboard-with-touchpad-and-laser-pointer-for-ipad-iphone-samsung-galaxy-tab-pc-and-smartphones/
2012-03-15,CVEC-B37,PS3 and PC Bluetooth Gaming Headset for FPS Games (Army Style),http://www.chinavasion.com/computer-accessories/cvecb37/,"Product closed, put offline",2012-03-28,Product expected back in stock - see date.
2012-03-15,CVQD-LT62,LED Mood Light with Touchscreen Scroll Bar,http://www.chinavasion.com/cool-gadgets/led-mood-light-with-touchscreen-scroll-bar/,"Product closed, put offline",2012-04-10,Product expected back in stock - see date.
2012-03-15,CVSB-K155,Android Tablet Digital Mouse With Speaker + VoIP Mic,http://www.chinavasion.com/mouse-keyboard/andoid-tablet-digital-mouse-with-speaker-voip-mic/,"Product closed, put offline",,This product is no longer available and is not coming back.,We don't have any alternative for this product.
2012-03-15,CVAK-E155-BLACK-2GEN,"MediaMax Pro - LED Multimedia Projector (DVB-T, HDMI, VGA, AV) - Black",http://www.chinavasion.com/projectors-home-theater/cvake155black2gen/,"Product closed, put offline",2012-03-27,Product expected back in stock - see date.
2012-03-15,CVFW-K10-16GB,16GB SD Memory Card,http://www.chinavasion.com/product_info.php/pName/16gb-sd-memory-card/,"Product closed, put offline",2012-03-28,Product expected back in stock - see date.
2012-03-15,CVSB-A99,"Waterproof Case for iPhone, iPod Touch, Android Smartphones with Waterproof Earphones",http://www.chinavasion.com/cell-phone-accessories/waterproof-case-for-iphone-ipod-touch-android-smartphones-with-waterproof-earphones/,"Product closed, put offline",,This product is no longer available and is not coming back.,http://www.chinavasion.com/cool-gadgets/cvsba90/
2012-03-15,CVPF-B20,Solar Powered Bluetooth Car Kit - Caller ID,http://www.chinavasion.com/product_info.php/pName/solar-powered-bluetooth-car-kit-caller-id-2/,"Product closed, put offline",2012-03-30,Product expected back in stock - see date.
2012-03-15,CVEHL-66AT,Breathalyzer Alcohol Tester - Dual LCD Display,http://www.chinavasion.com/product_info.php/pName/breathalyzer-alcohol-tester-dual-lcd-display/,"Product open, back on line"
2012-03-15,CVEYK-C262E-PAL,Car Rearview IR Camera - Under Carriage Mounting -PAL,http://www.chinavasion.com/product_info.php/pName/car-rearview-ir-camera-under-carriage-mounting-pal/,"Product open, back on line"
2012-03-15,CVEJS-DV708-BLACK,7 Inch LCD Car Headrest DVD Player + FM Transmitter -Pair -Black,http://www.chinavasion.com/product_info.php/pName/7-inch-lcd-car-headrest-dvd-player-fm-transmitter-pair-black/,"Product open, back on line"
2012-03-15,CVGI-K119,USB Easy Transfer Cable - Direct Link Computer Accessory,http://www.chinavasion.com/product_info.php/pName/usb-easy-transfer-cable-direct-link-computer-accessory/,"Product open, back on line"
2012-03-15,CVEC-B31,Bluetooth Audio Dongle Transmitter,http://www.chinavasion.com/bluetooth-adapters/cvecb31/,"Product open, back on line"
2012-03-15,CVSH-E177,"Dual - Stream 4 Channel DVR Security System (H.264, free 500GB HDD)",http://www.chinavasion.com/dvr-cards-systems/dual-stream-4-channel-dvr-security-system-h264-free-500gb-hdd/,"Product open, back on line"
2012-03-15,CVOP-K164,World's Smallest Wireless USB Adapter (802.11 B/G/N),http://www.chinavasion.com/wifi/worlds-smallest-wireless-usb-adapter-80211-bgn/,"Product open, back on line"
2012-03-15,CVKT-E192,"4 Channel DVR Security System (Compact Design, H.264 Compression)",http://www.chinavasion.com/dvr-cards-systems/4-channel-dvr-security-system-compact-design-h264-compression/,"Product open, back on line"
2012-03-15,CVOW-I155-Blue,"Baby Monitor (Night Vision, AV OUT, Flower Design)",http://www.chinavasion.com/baby-monitors/baby-monitor-night-vision-av-out-flower-design/,"Product open, back on line"
2012-03-15,CVECL-705H-2GEN,7 Inch Handsfree Bluetooth Rearview Mirror Monitor and Multimedia MP4 Player,http://www.chinavasion.com/mirror-monitors/7-inch-handsfree-bluetooth-rearview-mirror-monitor-and-multimedia-mp4-player/,"Product open, back on line"
2012-03-15,CVOP-K179,802.11N High Speed Wireless USB Adapter with Antenna - 150 Mpbs,http://www.chinavasion.com/wifi/80211n-high-speed-wireless-usb-adapter-with-antenna-150-mpbs/,"Product open, back on line"
2012-03-15,CVIB-E147-N1,Portable Multimedia DVD Player with 7 Inch Swivel Screen,http://www.chinavasion.com/portable-dvd-players/portable-multimedia-dvd-player-with-7-inch-swivel-screen/,"Product open, back on line"
2012-03-15,CVUA-C92-N1,9 Inch Roof-Mounted Car DVD and Media Player (Interchangeable Tan / Grey Cover),http://www.chinavasion.com/roof-monitors/9-inch-roofmounted-car-dvd-and-media-player-interchangeable-tan-grey-cover/,"Product open, back on line"
2012-03-14,CVJM-K92,"Dental Camera (Waterproof, Intra-Oral, USB)",http://www.chinavasion.com/product_info.php/pName/dental-camera-waterproof-intraoral-usb/,"Product open, back on line"
2012-03-14,CVFY-C89,7 Inch Headrest DVD Player with DVB-T + Gaming System (Pair),http://www.chinavasion.com/headrest-armrest-monitors/cvfyc89/,"Product open, back on line"
2012-03-14,CVUK-TR29,"6 Inch HD Touchscreen GPS Navigator (Bluetooth, FM Transmitter)",http://www.chinavasion.com/portable-gps/6-inch-hd-touchscreen-gps-navigator-bluetooth-fm-transmitter/,"Product open, back on line"
2012-03-14,CVUB-DV70,"720P HD Family Camcorder with 3 Inch Touchscreen (HDMI, AV)",http://www.chinavasion.com/hd-camcorders/720p-hd-family-camcorder-with-3-inch-touchscreen-hdmi-av/,"Product open, back on line"
2012-03-14,CVSE-004,Digital Video Camcorder w/ Touchscreen (Dual SD Card Slots),http://www.chinavasion.com/product_info.php/pName/digital-video-camcorder-w-touchscreen-dual-sd-card-slots/,"Product closed, put offline",2012-03-26,Product expected back in stock - see date.,http://www.chinavasion.com/hd-camcorders/cvsedv55/
2012-03-14,CVSA-428-Black-1,Car Headrest DVD Player/Game System Black (single) - 7 Inch,http://www.chinavasion.com/product_info.php/pName/car-headrest-dvd-playergame-system-black-single-7-inch/,"Product closed, put offline",,This product is no longer available and is not coming back.,http://www.chinavasion.com/headrest-armrest-monitors/7-inch-headrest-dvd-player-with-emulator-fm-transmitter-pair/
2012-03-14,CVFW-K10-16S,16GB SD Memory Card (Single),http://www.chinavasion.com/product_info.php/pName/16gb-sd-memory-card-single/,"Product closed, put offline",2012-03-26,Product expected back in stock - see date.
2012-03-14,CVKK-CG07,Pink USB Heating Slippers,http://www.chinavasion.com/product_info.php/pName/pink-usb-heating-slippers/,"Product closed, put offline",,This product is no longer available and is not coming back.,http://www.chinavasion.com/personal-health/usb-heating-cushion-and-seat-warmer/,http://www.chinavasion.com/personal-health/usb-heated-gloves-and-hand-warmer-for-women/
2012-03-14,CVSB-B29,iBluetooth Wireless Stereo Headset (Left + Right Ear Use),http://www.chinavasion.com/speaker-headphone-earphone/cvsbb29/,"Product closed, put offline",,This product is no longer available and is not coming back.,http://www.chinavasion.com/product_info.php/pName/comfortable-bluetooth-headset-with-high-response-boom-mic/,http://www.chinavasion.com/bluetooth-headsets/bluetooth-wireless-mini-phone/
2012-03-14,CVIZ-LT61,Bronze Samurai - Japanese Inspired Blue LED Watch,http://www.chinavasion.com/led-watches/cvizlt61/,"Product closed, put offline",,This product is no longer available and is not coming back.,http://www.chinavasion.com/led-watches/cvtilt45/,http://www.chinavasion.com/product_info.php/pName/ice-samurai-japanese-inspired-blue-led-watch/
2012-03-14,CVLM-I116,Complete Surveillance Kit (H264 DVR + 4 SONY CCD Lens Weatherproof Camera + 500GB HDD),http://www.chinavasion.com/dvr-cards-systems/cerberuscomplete-surveillance-kit-h246-dvr4-sony-ccd-weatherproof-camera-500gb-hdd/,"Product closed, put offline",2012-03-21,Product expected back in stock - see date.
2012-03-14,CVQD-L19,4GB Sports Waterproof MP3 Player,http://www.chinavasion.com/portable-mp3-players/4gb-sports-waterproof-mp3-player-cvqdl19/,"Product closed, put offline",2012-03-16,Product expected back in stock - see date.
2012-03-14,CVCL-LT37-2GEN,Flexible Waterproof Stick-on Multicolor LED Light Strip (5 Meters),http://www.chinavasion.com/led-lights/flexible-waterproof-stickon-multicolor-led-light-strip-5-meters/,"Product open, back on line"
2012-03-14,CVSL-I226,"Wireless Baby Monitor Set (Night Vision, AV OUT)",http://www.chinavasion.com/baby-monitors/wireless-baby-monitor-set-night-vision-av-out-i226/,"Product open, back on line"
2012-03-14,CVIZ-LT43,Anno Domini - Japanese Style Red LED Watch,http://www.chinavasion.com/led-watches/cvizlt43/,"Product closed, put offline",2012-03-20,Product expected back in stock - see date.
2012-03-14,CVEC-B02,Comfortable Bluetooth Headset with High Response Boom Mic,http://www.chinavasion.com/product_info.php/pName/comfortable-bluetooth-headset-with-high-response-boom-mic/,"Product open, back on line"
2012-03-14,CVNI-G223,Global GPS Tracker for Cars/Motorcycle/Trucks/Scooters,http://www.chinavasion.com/product_info.php/pName/global-gps-tracker-for-carsmotorcycletrucksscooters/,"Product open, back on line"
2012-03-14,CVVA-E145-N1,"Wonder View - DLP Mini Projector with HDMI, VGA, AV, More",http://www.chinavasion.com/projectors-home-theater/wonder-view-dlp-mini-projector-with-hdmi-vga-av-more/,"Product open, back on line"
2012-03-14,CVOW-I158,Solar DVR Security Camera with PIR Motion Detection Video Recording (4GB),http://www.chinavasion.com/security-devices/burglar-deterrentsolar-dvr-security-camera-with-motion-detection-video-recording-pir-weatherproof-4gb-tf-card/,"Product open, back on line"