"SKU","QUANTITY"
"CVVD-M171-3GEN-B","0"
"CVAK-PC13","0"
"CVUK-PC06-3GEN","0"
"CVVX-M190","0"
"CVAK-PC11","0"
"CVFD-M222","0"
"CVAK-PC12","0"
"CVFD-M218","0"
"CVEM-M223","0"
"CVEM-M216","0"
"CVEM-M215","0"
"CVAK-PC15","0"
"CVEM-M191","0"
"CVFD-M212","0"
"CVFD-M182","0"
"CVWS-PC17","0"
"CVRO-M114","0"
"CVVX-M193","0"
"CVEM-M211","0"
"CVGY-PC07","0"
"CVWS-PC16","0"
"CVEM-M207","0"
"CVVD-M171-3GEN-W","0"
"CVFD-M180","0"
"CVFD-M177","0"
"CVFD-M187","0"
"CVTB-M122","0"
"CVFD-M186","0"
"CVAK-PC09","0"
"CVAK-PC11-White","0"
"CVFD-M178","0"
"CVFD-M179-2GEN","0"
"CVFD-M188","0"
"CVFD-M217","0"
"CVJI-E173","0"
"CVMB-M88","0"
"CVNR-M153","0"
"CVSCX-9300","0"
"CVSL-M49-2GEN","0"
"CVEM-M183","0"
"CVFD-M129","0"
"CVFD-M173","0"
"CVFD-M137","0"
"CVFD-M65","0"
"CVVX-M209","0"
"CVEM-M219","0"
"CVFD-M221","0"
"CVFD-M129-DVBT","0"
"CVFD-M174","0"
"CVFD-M164-2GEN","0"
"CVLO-M61","0"
"CVDQ-M56","0"
"CVDQ-M150","0"
"CVEM-M94","0"
"CVEM-M143","0"
"CVEM-M79-2GEN","0"
"CVFD-M213","0"
"CVEM-M155","0"
"CVFD-M210","0"
"CVEM-M208","0"
"CVUT-M175-2GEN","0"
"CVSL-M117","0"
"CVPY-M181","0"
"CVSL-M85","0"
"CVSL-M167","0"
"CVSL-104-2GEN","0"
"CVSL-M165","0"
"CVLE-M90","0"
"CVNI-G170","0"
"CVPB-M106","0"
"CVPB-M106-BLACK","0"
"CVRK-M115","0"
"CVSL-700","0"
"CVLE-M91","0"
"CVFM-M145","0"
"CVVO-B40","0"
"CVEC-B39","0"
"CVEC-B27","0"
"CVSDM-8599","0"
"CVRF-A62-2Gen","0"
"CVDLZ-10MY-2-BLACK","0"
"CVSB-B14-Right","0"
"CVEC-B34","0"
"CVEC-B02","0"
"CVEC-B38","0"
"CVEC-B37","0"
"CVSB-B09","0"
"CVEC-B26","0"
"CVUR-G276","0"
"CVASQ-BTH020","0"
"CVEC-B25","0"
"CVDLM-B1101","0"
"CVQD-G317","0"
"CVFM-B42","0"
"CVSBS-5603","0"
"CVUD-A88","0"
"CVAL-J72","0"
"CVIB-E147","0"
"CVSB-E186","0"
"CVQE-A33","0"
"CVBS-S07","0"
"CVBS-S08","0"
"CVFW-K09","0"
"CVQI-A42","0"
"CVVB-A73","0"
"CVFW-K11-1GB","0"
"TX-Dongle-09","0"
"CVSB-G321","0"
"CVSB-014","0"
"CVSB-988","0"
"CVUJ-K157","0"
"CVSB-A102","0"
"CVDH-K114-N1","0"
"CVBS-S22","0"
"CVPP-G237","0"
"CVSCE-7400","0"
"CVPP-K174","0"
"CVFM-B13","0"
"CVSB-K151","0"
"CVHF-G54-BLACK","0"
"CVQI-A43","0"
"CVSB-A106","0"
"CVPP-S29","0"
"CVHF-G54","0"
"CVSB-A116","0"
"CVFW-K11-4GB","0"
"CVSB-A91","0"
"CVOM-G184-BLACK","0"
"CVFW-K11-8GB","0"
"CVFW-K11-2GB","0"
"CVSB-A104","0"
"CVUJ-K137","0"
"CVSB-A99","0"
"CVSB-A103","0"
"CVSB-K166","0"
"CVSB-A98","0"
"CVPP-S15","0"
"CVFM-B03","0"
"CVSB-A92","0"
"CVSB-A107","0"
"CVPP-G239","0"
"CVSB-G350","0"
"CVCJ-B04-2GEN","0"
"CVHF-G316","0"
"CVGF-G125","0"
"CVGF-LT49","0"
"CVHM-H13","0"
"CVLC-LT01","0"
"CVKW-LT57","0"
"CVKW-G337","0"
"CVKW-G174","0"
"CVGF-G64","0"
"CVGF-LT47","0"
"CVLC-G163","0"
"CVKW-G119","0"
"CVGF-G326","0"
"CVLC-G131","0"
"CVGF-G357","0"
"CVKW-G336","0"
"CVGF-G25","0"
"CVLC-G132","0"
"CVLC-LT32","0"
"CVLC-LT33","0"
"CVGF-LT35","0"
"CVGF-G173","0"
"CVGF-LT40","0"
"CVGF-G346","0"
"CVGF-G219","0"
"CVGF-LT14","0"
"CVKW-G294-2GEN","0"
"CVFR-CG10","0"
"CVKW-G295","0"
"CVKY-G123","0"
"CVLC-G200","0"
"CVGF-G80","0"
"CVASQ-CP3009","0"
"CVOX-G189","0"
"CVKW-G121","0"
"CVGF-G221","0"
"CVSB-LT18","0"
"CVLC-G198","0"
"CVKW-G120","0"
"CVMH-G166","0"
"CVGF-LT34","0"
"CVGF-G171","0"
"CVGF-LT60","0"
"CVOW-I158","0"
"CVRL-S24","0"
"CVVU-L17","0"
"CVQD-S43","0"
"CVDLM-SL901","0"
"CVCJ-B36","0"
"CVSB-G77","0"
"CVBS-S23","0"
"CVTS-S32","0"
"CVPF-B20","0"
"CVHF-S27","0"
"CVPP-S28","0"
"CVSD-DV42","0"
"CVLB-S37-N1","0"
"CVBS-S36","0"
"CVPF-B19","0"
"CVSB-B21","0"
"CVVP-S42","0"
"CVHF-S35","0"
"CVVP-S41","0"
"CVQD-S38","0"
"CVBS-S19-BLACK","0"
"CVSCE-7401","0"
"CVQD-S39","0"
"CVVP-S46","0"
"CVBS-S13","0"
"CVPP-G238","0"
"CVBS-S21","0"
"CVPP-S16","0"
"CVBS-S20-N1","0"
"CVVP-S45","0"
"CVVP-LT69","0"
"CVUH-G283","0"
"CVTI-LT38","0"
"CVTI-LT72","0"
"CVTI-LT50","0"
"CVIZ-LT71","0"
"CVIZ-LT73","0"
"CVIZ-LT78","0"
"CVIZ-LT75","0"
"CVIZ-LT64","0"
"CVIZ-LT80","0"
"CVTI-LT45","0"
"CVIZ-LT42","0"
"CVIZ-G165-BLUE","0"
"CVIZ-G86","0"
"CVIZ-LT63","0"
"CVIZ-G85","0"
"CVIZ-G165","0"
"CVIZ-G296","0"
"CVIZ-LT43","0"
"CVIZ-LT66","0"
"CVIZ-LT66-WHITE","0"
"CVIZ-LT08","0"
"CVIZ-LT09","0"
"CVIZ-LT68","0"
"CVIZ-LT61","0"
"CVPJ-G208","0"
"CVIZ-LT64-WHITE","0"
"CVFY-C96-2GEN","0"
"CVGX-C14-2GEN","0"
"CVVF-F38","0"
"CVVI-F39","0"
"CVWO-F43","0"
"CVQT-F26","0"
"CVUM-G282","0"
"CVMC-F28","0"
"CVFE-F11","0"
"CVGB-F41","0"
"CVGB-F20","0"
"CVGX-C38","0"
"CVUY-F32","0"
"CVGX-C51","0"
"CVGB-F14","0"
"CVUY-F40","0"
"CVUY-F34","0"
"CVUY-F36","0"
"CVUY-F32-Silver","0"
"CVQD-F25","0"
"CVGB-F06","0"
"CVUY-F42","0"
"CVSI-C62","0"
"CVUZ-E128","0"
"CVGX-C76","0"
"CVGB-F15","0"
"CVGB-F08","0"
"CVGB-F07","0"
"CVLV-F18","0"
"CVGX-C50","0"
"CVGX-C37","0"
"CVFG-A74","0"
"CVGX-C52","0"
"CVGX-C14","0"
"CVID-A100","0"
"CVELY-1019","0"
"CVSN-A82","0"
"CVSN-A113","0"
"CVSN-A79","0"
"CVFG-A10","0"
"CVSN-A95","0"
"CVFG-A13","0"
"CVSN-A81","0"
"CVFG-A17","0"
"CVWZ-A108","0"
"CVJH-A70","0"
"CVFG-A15","0"
"CVFG-A12","0"
"CVSN-A94","0"
"CVFG-A16","0"
"CVRV-G241","0"
"CVFG-A08","0"
"CVFG-A14","0"
"CVFG-A11","0"
"CVWL-DV69","0"
"CVLL-DV67","0"
"CVOC-C103","0"
"CVSB-DC45","0"
"CVOC-C46","0"
"CVFQ-E169","0"
"CVJK-A22","0"
"CVSD-J01","0"
"CVVR-A109","0"
"CVRL-G270","0"
"CVSN-A101","0"
"CVUK-TR28","0"
"CVAU-C91","0"
"CVJK-A21","0"
"CVOC-C45-2GEN","0"
"CVFR-DV21","0"
"CVEJS-E1000W","0"
"CVVH-A77","0"
"CVSB-A93","0"
"CVVR-E170","0"
"CVLL-G139","0"
"CVRL-G351","0"
"CVSI-A52","0"
"CVSI-A49","0"
"CVVH-A76","0"
"CVEBL-DAC300-220V","0"
"CVSB-968","0"
"CVPL-G204","0"
"CVMV-J78","0"
"CVPL-G342","0"
"CVUK-TR35","0"
"CVGY-TR20-2GEN","0"
"CVMV-DV65","0"
"CVTM-CS54","0"
"CVSL-C112","0"
"CVTM-C104","0"
"CVEHL-62","0"
"CVQW-CS42","0"
"CVTM-CS57","0"
"CVRF-A63-2GEN","0"
"CVWT-J75","0"
"CVEZJ-700HH-2GEN","0"
"CVHI-C17","0"
"CVRY-L09","0"
"CVCJ-B22","0"
"CVSCJ-7900-2GEN","0"
"CVID-C25-BLACK","0"
"CVEJS-720T-PAL","0"
"CVSH-I160-PAL","0"
"CVSH-I107","0"
"CVSA-CS55","0"
"CVSH-I171","0"
"CVTM-C93","0"
"CVEJS-518T-PAL","0"
"CVSH-I98","0"
"CVSA-414-PAL","0"
"CVSL-CS56","0"
"CVEYK-C262E-NTSC","0"
"JK-926-PAL","0"
"CVEJS-168T-PAL","0"
"CVCJ-B44","0"
"CVPF-CS50","0"
"CVID-B41","0"
"CVPF-B43","0"
"CVSB-957-N1","0"
"CVASQ-EM818","0"
"CVSB-CS05","0"
"CVWT-J76","0"
"CVNI-G216","0"
"CVLL-DV24","0"
"CVEHL-66AT","0"
"CVDLM-EARTAT","0"
"CVAL-J64","0"
"CVTI-G264","0"
"CVKB-G284","0"
"CVSE-G309","0"
"CVUD-A89","0"
"CVVM-I197","0"
"CVSN-G377","0"
"CVMV-I95","0"
"CVRU-E101","0"
"CVJC-G343","0"
"CVGC-G172","0"
"CVUZ-N18-4GB","0"
"CVWI-G374","0"
"CVWQ-G359","0"
"CVVO-G364","0"
"CVLS-DV20","0"
"CVOM-G184-White","0"
"CVPP-G356","0"
"CVQD-A78","0"
"CVRU-E100","0"
"CVRU-E98","0"
"CVRU-E97","0"
"CVSB-G378","0"
"CVUD-A114","0"
"CVNB-I166","0"
"CVFR-I49","0"
"CVPM-B18-N2","0"
"CVUD-A96","0"
"CVFQ-E124","0"
"CVSB-G380","0"
"CVSB-G345","0"
"CVDLM-PLNA","0"
"CVMV-K49","0"
"CVSC-210-8GB","0"
"CVGF-G78","0"
"CVSB-K121","0"
"CVQD-G220","0"
"CVSB-K121-N1","0"
"CVWX-A112","0"
"CVKK-CG07","0"
"CVSB-LT26","0"
"CVUD-A72-Black","0"
"CVPT-G352","0"
"CVPT-G330","0"
"CVDLM-VCF01","0"
"CVWQ-G358","0"
"CVMV-DV59","0"
"CVKA-G108-2GEN","0"
"CVSL-I75","0"
"CVSL-I200","0"
"CVMV-DV34","0"
"CVSD-I66","0"
"CVJP-I114","0"
"CVVM-I143","0"
"CVSL-I149","0"
"CVAL-J02","0"
"CVPU-DC14-RED","0"
"CVMV-I195","0"
"CVKA-I137","0"
"CVFR-I108-2GEN","0"
"CVMV-I59","0"
"CVMV-I36","0"
"CVMV-I86","0"
"CVVM-I174","0"
"CVPU-DC46","0"
"CVVM-I165","0"
"CVJP-I141","0"
"CVCT-I199","0"
"CVMV-I180","0"
"CVSB-963","0"
"CVSL-G373","0"
"CVMV-I186","0"
"CVVM-I203","0"
"CVJP-L05","0"
"CVETM-SBE001","0"
"CVJP-G278","0"
"CVVM-I142","0"
"CVSD-I96","0"
"CVMV-I87","0"
"CVNU-DV37","0"
"CVSL-I21","0"
"CVPU-I184","0"
"CVCT-I204","0"
"CVNU-DV36","0"
"CVSH-I113","0"
"CVOW-I155","0"
"CVSL-I147","0"
"CVLM-I85","0"
"CVKA-I159","0"
"CVRI-DC28","0"
"CVCT-I119","0"
"CVSH-I129","0"
"CVVM-I196","0"
"CVVM-I156","0"
"CVPU-DC15","0"
"WFC-1500-2GEN","0"
"CVVM-I189","0"
"CVDLM-MD008","0"
"CVMV-I109","0"
"CVRI-I90","0"
"CVMG-I128","0"
"CVKA-I105","0"
"CVVM-I161","0"
"CVJP-I94","0"
"CVFR-DV54-N1","0"
"CVMV-DV62","0"
"CVSH-I112","0"
"CVSH-I175-PAL","0"
"CVAJM-808-PAL","0"
"CVVO-G338","0"
"CVSE-706-2GB","0"
"CVLF-I29","0"
"ZKX-TDC151V","0"
"CVFQ-E118","0"
"CVSF-1001","0"
"CVGY-CS17","0"
"CVEJS-DV708-BLACK","0"
"CVGY-TR03","0"
"CVMV-I69","0"
"CVSB-G252","0"
"WSC-809A-NTSC","0"
"CVVM-I163","0"
"CVSX-G255","0"
"CVVJ-I136","0"
"CVAJM-007A-PAL","0"
"CVSA-I22-VER2","0"
"CVMG-DV26","0"
"CVSB-DC38","0"
"CVNU-DV35","0"
"CVSI-A51","0"
"CVJD-I26-PAL","0"
"CVAK-E155","0"
"CVAK-E146","0"
"CVSL-E167","0"
"CVIZ-LT46","0"
"CVRL-S30-VER2","0"
"CVKW-G370","0"
"CVVS-E193","0"
"CVQF-E86","0"
"CVUO-E135","0"
"CVAK-E155-BLACK","0"
"CVGI-E28","0"
"CVGI-E59","0"
"CVKW-G372","0"
"CVVS-E171","0"
"CVJU-E178","0"
"CVAZ-E75","0"
"CVKW-LT81","0"
"CVKW-G382","0"
"CVSCA-7000","0"
"CVLM-I33","0"
"CVLM-I91","0"
"CVLM-I116","0"
"CVIK-E89","0"
"CVUL-I167","0"
"CVUU-E132","0"
"CVLM-I33-WHITE-2GEN","0"
"CVVA-E145-N1","0"
"CVLM-I70","0"
"CVSAK-3300","0"
"CVLM-I34","0"
"CVLM-I190","0"
"CVVM-E156","0"
"CVLM-I120-2GEN","0"
"CVSB-889","0"
"CVLM-I131","0"
"CVJI-E50","0"
"CVUL-I100","0"
"CVVN-E160","0"
"CVASQ-013","0"
"CVSAK-3301-2GEN","0"
"CVSA-004","0"
"CVSH-I176","0"
"CVUL-I126","0"
"CVLM-I192","0"
"CVLM-I122","0"
"CVLM-I151-2GEN","0"
"CVUL-I92","0"
"CVLM-I80","0"
"CVLM-I183","0"
"CVLM-I123","0"
"CVWV-I169","0"
"CVUL-I125","0"
"CVUL-I101","0"
"CVWV-I170","0"
"CVPS-I63","0"
"CVKT-I179","0"
"CVMN-J20","0"
"CVSL-I198","0"
"CVFQ-E157","0"
"CVECL-7019-BLACK","0"
"CVJU-E38","0"
"CVFQ-E182","0"
"CVFQ-E197","0"
"CVJU-E130-2GEN","0"
"CVVG-E190","0"
"CVFQ-E172","0"
"CVFQ-E117","0"
"CVFQ-E180","0"
"CVFQ-E183","0"
"CVFQ-E123","0"
"CVFQ-E166","0"
"CVMW-E56","0"
"CVSF-1002","0"
"CVEF-E168","0"
"CVVG-E151","0"
"CVVL-E152","0"
"CVVL-E163","0"
"CVECL-7019-TAN","0"
"CVHG-E48","0"
"CVGH-G250","0"
"CVFQ-G332","0"
"CVFW-A06","0"
"CVPN-HD04-2GEN","0"
"CVJI-E138","0"
"CVJI-E175-2GEN","0"
"CVOP-E133","0"
"CVOP-E137","0"
"CVJI-E110","0"
"CVS-HDD20-SATA","0"
"CVMH-E92","0"
"CVJI-E51","0"
"CVNZ-E142","0"
"CVMI-E80","0"
"CVLH-G161","0"
"CVME-E62","0"
"CVEF-E134","0"
"CVSN-E174","0"
"CVLY-G148","0"
"CVMK-K81","0"
"CVMK-K82","0"
"CVFQ-E34","0"
"CVMK-K48","0"
"CVUN-E136","0"
"CVEL-K90","0"
"CVPV-G218","0"
"CVLB-G324","0"
"CVLB-A60","0"
"CVPT-G375","0"
"CVSB-G362","0"
"CVTK-K156","0"
"CVPT-G207","0"
"CVEC-B35","0"
"CVSB-DC27","0"
"CVFR-G285","0"
"CVPE-G214","0"
"CVPT-G331","0"
"CVSB-K88","0"
"CVEC-B28","0"
"CVSB-B29","0"
"CVATX-HUB19","0"
"CVOP-G256","0"
"CVEC-B30","0"
"CVGX-C95","0"
"CVGX-C43","0"
"CVGX-C30-GPS","0"
"CVAU-C05","0"
"CVSA-C09","0"
"CVGX-C49","0"
"CVSF-C54","0"
"CVGX-C80","0"
"CVLM-I71","0"
"CVGX-C30-GPSDVBT","0"
"CVSB-I177","0"
"CVAJM-309AS-PAL","0"
"CVAJM-212AS-PAL","0"
"CVAJM-007AS-PAL","0"
"WS868AS4-PAL","0"
"CVD-42A208X4-PAL","0"
"CVSH-I124","0"
"CVSB-B007","0"
"CVSB-J60","0"
"WFC-007SK","0"
"CVSH-I97","0"
"CVAJM-950-PAL","0"
"CVSH-I93","0"
"CVJZ-I54-PAL","0"
"CVJZ-J23-PAL","0"
"CVSH-I164","0"
"CVJZ-I55-PAL","0"
"CVNH-I134-PAL","0"
"CVVJ-I132","0"
"CVNH-I152-PAL","0"
"CVJZ-J25-PAL","0"
"CVNH-I150-PAL","0"
"CVJZ-I15-PAL","0"
"CVOK-I62-2GEN","0"
"CVAJM-1000-PAL","0"
"CVSH-I07","0"
"CVJZ-I17-PAL","0"
"JKC-910PD-PAL","0"
"CVLF-I30","0"
"JKC-923-PAL","0"
"CVAJM-108CD-PAL","0"
"CVNH-I188-PAL","0"
"CVAJM-610-NTSC","0"
"CVJZ-J24-PAL","0"
"JKC-210-PAL","0"
"JKC-601-PAL","0"
"CVLM-I102","0"
"CVLM-I201","0"
"CVSH-E195","0"
"CVLM-I140","0"
"CVSH-I145","0"
"CVKT-E192","0"
"CVAJM-913-NTSC","0"
"CVVY-J70","0"
"CVSH-E177","0"
"CVMK-K78","0"
"CVMK-K64","0"
"CVMK-K66","0"
"CVSA-410","0"
"CVIR-C113","0"
"CVEZJ-6713DB","0"
"CVIR-C108","0"
"CVFY-C128","0"
"CVSA-C13","0"
"CVSF-C117","0"
"CVUA-C123","0"
"CVVE-C90","0"
"CVFY-C125","0"
"CVSF-C98","0"
"CVFY-C119","0"
"CVWM-C121","0"
"CVSF-C115","0"
"CVGX-C85","0"
"CVFY-C107","0"
"CVGX-C14-1GEN","0"
"CVIR-C122","0"
"CVIB-E21","0"
"CVIB-E148","0"
"CVIB-E189","0"
"CVIB-E179-2GEN","0"
"CVIB-E20","0"
"CVIB-E154","0"
"CVSI-C84-2GEN","0"
"CVSI-C124","0"
"CVUA-C97","0"
"CVSA-428-black-pair","0"
"CVTM-C100-2GEN","0"
"CVSI-C81-GREY","0"
"CVFY-C99","0"
"CVSI-C81-TAN","0"
"CVEJS-SD708-GREY","0"
"CVSI-C105","0"
"CVEJS-DV708-TAN","0"
"CVEJS-DV708-GREY","0"
"CVSI-C81-BLACK","0"
"CVFY-C89","0"
"CVSI-1208-Gray","0"
"CVTM-C102","0"
"CVEJS-SD708-BLACK","0"
"CVSA-428-Black-1","0"
"CVFY-C78","0"
"CVUA-C114","0"
"CVSI-C111","0"
"CVUA-C92","0"
"CVSL-C118","0"
"CVSI-1201","0"
"CVSL-C116","0"
"SKC-2000F","0"
"CVVY-J69","0"
"CVAJM-2000FB","0"
"CVKT-J37","0"
"CVSA-411","0"
"CVKT-E184","0"
"CVUG-TR16","0"
"CVGY-TR17","0"
"CVLA-G129","0"
"CVUG-TR36","0"
"CVMF-TR19","0"
"CVOY-CS36","0"
"CVMF-CS30","0"
"CVOY-CS35","0"
"CVUK-TR11","0"
"CVMF-CS31","0"
"CVGY-CS19","0"
"CVLA-G130","0"
"CVUK-TR34","0"
"CVUK-TR18","0"
"CVOY-TR08","0"
"CVECL-738H","0"
"CVECL-705H-2GEN","0"
"CVTM-C94","0"
"CVTM-A118-PAL","0"
"CVTM-A110","0"
"CVTM-A69-BLACK","0"
"CVECL-1800R-GREY","0"
"CVEJS-768CR-BLACK","0"
"CVTM-A69-BEIGE","0"
"CVKC-G112","0"
"CVKH-BG02","0"
"CVKH-G116","0"
"CVKC-BG10","0"
"CVJJ-G347","0"
"CVQD-G348","0"
"CVGI-K38","0"
"CVNY-G257","0"
"CVNY-G179","0"
"CVNY-G175","0"
"CVNY-G261","0"
"CVNY-G259","0"
"CVGF-LT10","0"
"CVFR-G273-N1","0"
"CVKW-G371","0"
"CVSB-OG11","0"
"CVGF-LT07","0"
"CVNY-G176","0"
"CVNY-G177","0"
"CVNY-G258","0"
"CVNY-G181","0"
"CVNY-G260","0"
"CVNY-G180","0"
"CVNY-G178","0"
"CVASQ-LED10","0"
"CVNY-LT55","0"
"CVASQ-LED05","0"
"CVUG-TR15","0"
"CVMF-TR30","0"
"CVSB-J48-220V","0"
"CVHM-J47","0"
"CVUK-TR10","0"
"CVSB-J48-110V","0"
"CVSD-003","0"
"CVMF-CS27","0"
"CVRT-J42","0"
"CVSB-J73","0"
"CVUK-TR32","0"
"CVSL-J71","0"
"CVMF-TR04","0"
"CVAB-J65","0"
"CVCT-J74","0"
"CVTD-TR01-2GEN","0"
"CVETM-PRSCAN","0"
"CVLA-CS39-2GEN","0"
"CVVV-J68","0"
"CVUK-TR33","0"
"CVUG-TR25","0"
"CVMF-CS29","0"
"CVUK-TR21","0"
"CVMF-CS34","0"
"CVGY-CS40","0"
"CVGY-CS41","0"
"CVMF-TR31","0"
"CVMF-CS32","0"
"CVUK-TR29","0"
"CVGY-TR07","0"
"CVGY-CS18","0"
"CVGI-B07","0"
"CVGI-G217","0"
"CVSA-DC39-2GEN","0"
"CVVO-J67","0"
"CVPV-G205","0"
"CVVK-J61","0"
"CVFR-I32","0"
"CVGK-J08-EU","0"
"CVFA-H51","0"
"CVFA-H47","0"
"CVFA-H10-REFILL","0"
"CVIJ-G202","0"
"CVFA-H47-Silver","0"
"CVFA-H47-Stripe","0"
"CVBP-H03-REFILL","0"
"CVSBP-5801","0"
"CVFA-H10","0"
"CVGF-H54","0"
"CVFA-H47-Red","0"
"CVSBP-5800","0"
"CVFA-H47-Brown","0"
"CVIJ-G202-REFILL","0"
"CVJV-H18","0"
"CVPA-OG08","0"
"CVLJ-LT79","0"
"CVSB-A90","0"
"CVLQ-OG10","0"
"CVSB-OG14","0"
"CVALM-FISHC2","0"
"CVVO-H52","0"
"CVSD-J11","0"
"CVSEU-A5500-2GEN","0"
"CVHF-LT76","0"
"CVMH-H50","0"
"CVLQ-OG13","0"
"CVJH-OG03","0"
"CVHM-G313","0"
"CVUX-LT20","0"
"CVSB-G360","0"
"CVQB-OG06","0"
"CVSCL-8103","0"
"CVQV-G230","0"
"CVJH-OG09","0"
"CVVO-G325","0"
"CVSB-842","0"
"CVBS-G231","0"
"CVSB-LT17","0"
"CVJE-H63","0"
"CVLT-H59","0"
"CVJE-H58-WHITE","0"
"CVHZ-G33","0"
"CVVO-G334-N1","0"
"CVJM-K92","0"
"CVHZ-G73","0"
"CVSD-624","0"
"CVHZ-G34-2GEN","0"
"CVHM-H57","0"
"CVJC-G340","0"
"CVHM-H65","0"
"CVJC-G104","0"
"CVLT-H37","0"
"CVSB-G349","0"
"CVSB-H66","0"
"CVMH-K72","0"
"CVQD-G320","0"
"CVLT-H22","0"
"CVHZ-G34","0"
"CVTE-N14-4G","0"
"CVMH-G353","0"
"CVHM-H53","0"
"CVKQ-N06-8GB","0"
"CVMH-K152","0"
"CVVO-G390","0"
"CVSAC-001","0"
"CVVQ-E164","0"
"CVVO-H67","0"
"CVGC-G315","0"
"CVEDM-MC01","0"
"CVAAL-010-8","0"
"CVTN-N26","0"
"CVAAL-010-4","0"
"CVWY-N25","0"
"CVGC-H55","0"
"CVKE-G114-N1","0"
"CVJC-G105","0"
"CVMH-K102","0"
"CVDLM-008","0"
"CVCL-LT06","0"
"CVSN-G365","0"
"CVIJ-H61","0"
"CVVO-H62","0"
"CVCL-G193","0"
"CVSB-831","0"
"CVSB-H46","0"
"CVFR-K12","0"
"CVJC-G106-N1","0"
"CVPV-J31","0"
"CVFR-J13-N1","0"
"CVIV-G66","0"
"CVAAD-WM888-8GB-BLACK","0"
"CVSAC-2903","0"
"VAAD-WM888-2GB-BLACK","0"
"CVFR-H05","0"
"CVSB-H36-2GEN","0"
"CVSL-N13","0"
"CVTR-H48","0"
"CVSCL-8100","0"
"CVSB-976","0"
"CVKE-G113-220V-N1","0"
"CVKA-I162","0"
"CVGC-LT65-7M","0"
"CVQS-N11","0"
"CVPX-G192-N1","0"
"CVGC-LT65-10M","0"
"CVSEU-A5500","0"
"CVVT-LT67","0"
"CVSCL-8101","0"
"CVMK-K169","0"
"CVGC-LT58","0"
"CVQD-LT62","0"
"CVQD-H56","0"
"CVKV-G118","0"
"CVHZ-LT52","0"
"CVGC-G23","0"
"CVSB-G314","0"
"CVSCL-8104-Deluxe","0"
"CVCL-G55","0"
"CVGC-LT70","0"
"CVGC-LT74","0"
"CVWQ-G369","0"
"CVCL-LT37","0"
"CVGC-G94","0"
"CVGC-LT59","0"
"CVFR-LT41-2GEN","0"
"CVGC-LT77","0"
"CVGC-LT48","0"
"CVHZ-H26","0"
"CVSB-L10","0"
"CVFR-CG12-2GEN","0"
"CVHZ-G81-10M","0"
"CVAAL-B18-4","0"
"CVSB-G303","0"
"CVCL-G187","0"
"CVCL-G159","0"
"CVDHD-102-2GB-BLACK","0"
"CVKV-H20","0"
"CVHZ-G158","0"
"CVMI-L14","0"
"CVSB-L11","0"
"CVDLZ-10-2-N1","0"
"CVFW-K11-16GB","0"
"CVSB-K177","0"
"CVSED-A3807-8GB","0"
"CVFW-K10-8GB","0"
"CVSED-A3807-4GB","0"
"CVFW-K10-16S","0"
"CVSB-K176","0"
"CVFW-K10-4GB","0"
"CVQD-K129","0"
"CVFW-K10-8S","0"
"CVFW-K10-2GB","0"
"CVHZ-G82","0"
"CVAAL-FAI2-4GB","0"
"CVCL-G07","0"
"CVGC-LT24","0"
"CVVM-G312","0"
"CVAAL-FAI2-8GB","0"
"AOL-U11-1","0"
"CVVO-LT82","0"
"CVJM-K149","0"
"CVHZ-G81-3M","0"
"CVHZ-G60","0"
"CVSB-K135","0"
"CVNG-DV66-N1","0"
"CVSE-DV55","0"
"CVSE-DC36","0"
"CVQP-K172","0"
"CVQP-K87","0"
"CVTK-K142","0"
"CVTK-E153","0"
"CVEL-K89","0"
"CVGH-K24","0"
"CVSB-852","0"
"CVTK-E188","0"
"CVSB-K98","0"
"CVSB-K143","0"
"CVUB-DV49-N1","0"
"CVGI-K46","0"
"CVSB-K178","0"
"CVQD-G322","0"
"CVNP-K55","0"
"CVUJ-K130","0"
"CVSB-B005","0"
"CVGT-DV46","0"
"CVGT-DV14","0"
"CVVC-K139","0"
"CVGI-K134","0"
"CVSB-K122","0"
"LK-7830","0"
"CVNP-B32","0"
"CVSB-983","0"
"CVUB-DV70","0"
"CVSB-K144","0"
"CVLL-DC35","0"
"CVOP-K153","0"
"CVGT-DV27-2GEN","0"
"CVTU-DV61","0"
"CVSE-DV13","0"
"CVSE-004","0"
"CVSE-DV01","0"
"CVGT-DV18-N1","0"
"CVGT-DV39","0"
"CVFU-DV07","0"
"CVSB-K160","0"
"CVQM-K145-N1","0"
"CVOP-K179","0"
"CVSE-DC32","0"
"CVNK-K62","0"
"CVSN-K161","0"
"CVNG-DC33","0"
"CVSB-K173","0"
"CVMV-DV53","0"
"CVLL-DV51","0"
"CVSB-K118","0"
"CVOP-K74","0"
"CVMV-DV28-2GEN","0"
"CVMV-DV64","0"
"CVSD-K31","0"
"CVFU-DC44","0"
"CVMG-DC34","0"
"CVOP-K163","0"
"CVMG-DV31","0"
"CVKA-DV38","0"
"CVSB-K99","0"
"CVGT-DC09","0"
"CVOP-K73","0"
"CVSE-DV19","0"
"CVSB-028","0"
"CVOP-K164","0"
"CVA-V31","0"
"CVUL-K128","0"
"CVSB-K162","0"
"CVVO-E187","0"
"CVUL-K127","0"
"CVEHC-30H2","0"
"CVWP-K175","0"
"CVPP-S18","0"
"CVTK-K158","0"
"CVTA-K112","0"
"CVSB-K165","0"
"CVSB-K150","0"
"CVSN-K168","0"
"CVTK-K133","0"
"CVMK-K154","0"
"CVTK-K147","0"
"CVQH-A41","0"
"CVKB-G344","0"
"CVTK-K131","0"
"CVTK-K167","0"
"CVTK-K159","0"
"CVMK-K67","0"
"CVFM-B42-PearlWhite","0"
"CVUD-K180","0"
"CVFM-B42-BROWN","0"
"CVEC-A115","0"
"CVSB-G350-WHITE","0"
"CVPI-A27-N1","0"
"CVLM-I151","0"
"CVKF-J14-2GEN","0"
"CVSH-I127","0"
"CVNH-I146-PAL","0"
"JK-217SD-PAL","0"
"CVJZ-I16-PAL","0"
"CVSH-I24-NTSC","0"
"CVGY-CS12","0"
"CVUZ-N24-2GEN","0"
"CVHM-G392","0"
"CVGK-J08-US","0"
"CVSN-A119","0"
"CVEJS-VT072","0"
"CVHU-G37-ACC","0"
"CVPT-G195","0"
"CVEC-B31","0"
"CVOD-E78-2GEN","0"
"CVAU-C106","0"
"CVGX-C39","0"
"CVGX-C30","0"
"CVSC-K14-8GB","0"
"CVHM-H49","0"
"CVVO-H64","0"
"CVAAL-FAI2-16GB-BLACK","0"
"CVSB-K155","0"
"CVOP-K74-2GEN","0"
"CVCW-G386","0"
"CVUD-A83","0"
"CVTA-K113-2GEN","0"
"CVMH-K80","0"
"CVTK-K146","0"
"CVMK-K84","0"
"CVFR-K13-2GEN","0"
"CVTK-K141","0"
"CVECZ-PS1001","0"
"CVTK-K170","0"
"CVSB-A85","0"
"CVMK-K79","0"
"CVSB-K115","0"
"CVSB-K22","0"
"CVTA-K113","0"
"CVJX-G74","0"
"CVSEP-A5000","0"
"CTATX-CF100","0"
"CVASQ-HUB28","0"
"CVSB-802","0"
"CVSA-409","0"
"CVTK-K126","0"
"CVNW-K61","0"
"CVFW-K08","0"
"CVGI-K119","0"
"CVKK-CG01","0"
"CVATX-HUB20","0"
"CVMK-K65","0"
"CVSD-602","0"
"CVSB-A61-ACC","0"
"CVSB-861","0"
"CVASQ-F102","0"
"XC-B17","0"
"CVQP-G227","0"
"CVQH-A39","0"
"CVSB-G301","0"
"CVQH-A37","0"
"CVQH-A36","0"
"CVSB-E102","0"
"CVVO-E162","0"
"CVSB-G302","0"
"CVPJ-G292","0"
"CVSB-A105","0"
"CVWR-G355-N1","0"
"CVECY-A001","0"
"CVKB-G291","0"
"CVSB-G304-White","0"
"CVUD-A97","0"
"CVVO-G389","0"
"CVVO-G311","0"
"CVSB-G361","0"
"CVSB-G367","0"
"CVUR-G288","0"
"CVUD-A71","0"
"CVSB-G304-Black","0"
"CVSB-G335","0"
"CVPJ-G209","0"
"CVSB-G308","0"
"CVSB-A117","0"
"CVUD-A84","0"
"CVGC-G232","0"
"CVVW-G328","0"
"CVPI-A68-2GEN","0"
"CVSB-G266","0"
"CVSB-G368","0"
"CVRV-G240","0"
"CVSB-G268","0"
"CVSB-G300","0"
"CVRC-G249","0"
"CVHZ-LT30","0"
"CVPH-G212","0"
"CVRH-LT04-XL","0"
"CVSB-989","0"
"CVRH-LT03-XL","0"
"CVRH-LT04-XXL","0"
"CVRH-LT03-XXL","0"
"CVRH-LT05-XXL","0"
"CVCW-K125","0"
"CVUQ-G280","0"
"CVVO-G383","0"
"CVRH-LT05-XL","0"
"CVSB-G345-M","0"
"CVUD-A83-White","0"
"CVSB-G345-XL","0"
"CVUD-A72","0"
"CVTI-LT28","0"
"CVSI-A48","0"
"CVEM-M234","0"
"CVWF-PC06-XMAS-WHITE","0"
"CVFD-M230","0"
"CVFD-M231","0"
"CVUZ-PC18","0"
"CVUT-M227","0"
"CVUF-M166","0"
"CVEM-M235","0"
"CVEM-M228","0"
"CVVX-M233","0"
"CVFD-M173-BROWN","0"
"CVSB-A86","0"
"CVAK-PC15-N1","0"
"CVMF-TR38","0"
"CVUZ-PC26","0"
"CVXC-TR39","0"
"CVWB-M238","0"
"CVXJ-M261","0"
"CVVX-M248","0"
"CVEM-M241","0"
"CVDQ-M243","0"
"CVWB-M250","0"
"CVWA-M249","0"
"CVWB-M256","0"
"CVEM-M263","0"
"CVEM-M252","0"
"CVEM-M260","0"
"CVEM-M237","0"
"CVEM-M258","0"
"CVEM-M216-2GEN","0"
"CVDQ-M255","0"
"CVWB-M244","0"
"CVDQ-M259","0"
"CVFD-M217-2GEN","0"
"CVEM-M246","0"
"CVRO-M114-N1","0"
"CVWB-M245","0"
"CVDQ-M242","0"
"CVQY-G379","0"
"CVPF-G394","0"
"CVWN-M226","0"
"CVWB-M247","0"
"CVDQ-M262","0"
"CVCN-M60","0"
"CVDQ-M240","0"
"CVDQ-M257","0"
"CVVX-M229","0"
"CVVX-M236","0"
"CVFD-M214-2GEN","0"
"CVSB-845-BLACK-N1","0"
"CVXF-A123","0"
"CVSB-A121","0"
"CVTK-A128","0"
"CVPT-A127","0"
"CVUJ-K137-2GEN","0"
"CVSB-A129","0"
"CVVM-A124","0"
"CVUC-G287-2GEN","0"
"CVSB-G400","0"
"CVSB-G401","0"
"CVSB-G397","0"
"CVWE-G414","0"
"CVQY-G289-2GEN","0"
"CVSD-612-2GEN","0"
"CVHM-G409","0"
"CVVM-G413","0"
"CVKW-G415","0"
"CVSB-G396","0"
"CVWE-G412","0"
"CVLI-G201","0"
"CVWE-G393","0"
"CVMH-G411","0"
"CVQH-A38","0"
"CVXB-G399","0"
"CVPT-G391","0"
"CVRV-G241-N1","0"
"CVCW-G387","0"
"CVSB-G395","0"
"CVMH-G408","0"
"CVUZ-N24","0"
"CVLJ-LT16","0"
"CVSN-A120","0"
"CVSI-A50","0"
"CVIZ-LT84","0"
"CVIZ-LT44","0"
"CVKW-G381","0"
"CVJD-I81","0"
"CVVO-I139","0"
"CVSF-C32","0"
"CVVE-C131","0"
"CVIR-C129","0"
"CVAU-C87","0"
"CVUA-C88-3GEN","0"
"CVXG-C132","0"
"CVXG-C133","0"
"CVET-C56-2GEN","0"
"CVWM-C126","0"
"CVWM-C127","0"
"CVPL-G203-2GEN","0"
"CVPL-TR22","0"
"CVPL-G354","0"
"CVUE-TR26-2GEN","0"
"CVNI-G223","0"
"CVVM-TR23","0"
"CVAP-H38","0"
"CVHN-G50","0"
"CVIB-E194","0"
"CVTM-C79-N1","0"
"CVXH-C135","0"
"CVFY-C83-2GEN","0"
"CVUA-C92-N1","0"
"CVXC-C137","0"
"CVXC-C136","0"
"CVSI-A122","0"
"CVSN-A81-2GEN","0"
"CVEN-CS03-2GEN","0"
"CVVO-J79","0"
"CVSH-I210","0"
"CVVH-A126","0"
"CVVH-A125","0"
"CVTM-CS55","0"
"CVTM-I213","0"
"CVUA-CS58","0"
"CVQW-CS59","0"
"CVQW-I154","0"
"CVUZ-N23-N1","0"
"CVSB-N27","0"
"CVSB-L18","0"
"CVQD-L19","0"
"CVPT-L16","0"
"CVPT-G404","0"
"CVMG-DV76","0"
"CVFU-DV07-N1","0"
"CVFU-DV73","0"
"CVSE-DV74","0"
"CVWO-DV72","0"
"CVNG-DC33-2GEN","0"
"CVMG-DC42","0"
"CVMG-DV75","0"
"CVSA-DV52","0"
"CVNG-DV30","0"
"CVVO-I153","0"
"CVFR-I89","0"
"CVSE-DV02-2GEN","0"
"CVXI-G410","0"
"CVQF-E158-2GEN","0"
"CVAK-E155-BLACK-2GEN","0"
"CVAK-E201","0"
"CVVZ-E191","0"
"CVGI-E199","0"
"CVVO-E200","0"
"CVJI-E198","0"
"CVJI-E159-2GEN","0"
"CVPT-G403","0"
"CVXD-K183","0"
"CVPT-G402","0"
"CVFW-K10-16GB","0"
"CVSB-K185","0"
"CVVC-K139-N1","0"
"CVOP-K187","0"
"CVSL-K186","0"
"CVTK-K181","0"
"CVMK-K78-2GEN","0"
"CVMK-K65-2GEN","0"
"CVVO-K182","0"
"CVMH-H68","0"
"CVSH-I168","0"
"CVOW-I99","0"
"CVCL-G405","0"
"CVPT-LT83","0"
"CVGF-LT11","0"
"CVLM-I123-2GEN","0"
"CVUL-I187","0"
"CVKT-I44-PAL-2GEN","0"
"CVWV-I221","0"
"CVLM-I34-2GEN","0"
"CVKT-I223","0"
"CVKT-I222","0"
"CVSH-I215","0"
"CVJZ-I56-PAL","0"
"CVSH-E176","0"
"CVLM-I202","0"
"CVKT-E196","0"
"CVSH-CS25","0"
"CVSB-K184","0"
"CVLM-I219","0"
"CVSL-M224","0"
"CVJU-E38-2GEN","0"
"CVLM-I122-2GEN","0"
"CVWF-PC06-4GEN-X","0"
"CVXF-A123-White","0"
"CVWN-M226-Orange","0"
"CVSH-I217","0"
"CVUK-TR21-2GEN","0"
"CVJY-C139","0"
"CVXE-E203","0"
"CVUK-TR18-2GEN","0"
"CVGT-DV77","0"
"CVFU-E204","0"
"CVSB-A129-BLACK","0"
"CVUD-A130","0"
"CVSH-I224","0"
"CVWN-M269","0"
"CVEYK-C262E-PAL","0"
"CVFD-M270","0"
"CVUG-PC29","0"
"CVJP-G279-2GEN","0"
"CVUK-TR35-2GEN","0"
"CVXL-LT86-XL","0"
"CVXL-LT85-XL","0"
"CVGY-7402","0"
"CVWL-C143","0"
"CVEM-M191-2GEN","0"
"CVVX-M190-2GEN","0"
"CVSI-C142","0"
"CVEM-M272","0"
"CVUD-A88-N1","0"
"CVFQ-E205","0"
"CVXH-C140","0"
"CVAL-J02-2GEN","0"
"CVMH-G420","0"
"CVQD-G293-2GEN","0"
"CVJD-G422","0"
"CVVX-M271","0"
"CVNI-G170-2GEN","0"
"CVSB-S47","0"
"CVUL-I125-2GEN","0"
"CVIR-C141","0"
"CVFA-H69","0"
"CVWM-C121-2GEN","0"
"CVKA-A131","0"
"CVKA-I229","0"
"CVKA-I230","0"
"CVSA-DV68","0"
"CVWB-7233","0"
"CVFU-E202","0"
"CVXK-G419","0"
"CVXM-M273","0"
"CVVM-G421","0"
"CVJE-H63-2GEN","0"
"CVEM-M274","0"
"CVSH-I216","0"
"CVLM-I225","0"
"CVUD-A89-2GEN","0"
"CVXC-TR41","0"
"CVPT-L20","0"
"CVVX-M276","0"
"CVJP-B46","0"
"CVGB-F45","0"
"CVIB-E150-2GEN","0"
"CVOW-I155-Blue","0"
"CVMH-K72-2GEN","0"
"CVLM-I227","0"
"CVFM-M277","0"
"CVUZ-7401","0"
"CVAL-J64-2GEN","0"
"CVLM-I232","0"
"CVWF-PC31","0"
"CVXF-A132","0"
"CVSH-I217-NTSC","0"
"CVAK-7404","0"
"CVWL-I233","0"
"CVVO-M281","0"
"CVGB-F44","0"
"CVWG-PC22-N1","0"
"CVVY-J69-2GEN","0"
"CVLM-I231","0"
"CVIB-E149-2GEN","0"
"CVXN-E207","0"
"CVUR-G275","0"
"CVFD-M169","0"
"CVDQ-M251","0"
"CVXM-M283","0"
"CVHS-G42-EU","0"
"CVBP-H02","0"
"CVFY-C145","0"
"CVMG-DV75-2GEN","0"
"CVPN-E206","0"
"CVMG-DV81","0"
"CVPT-G426","0"
"CVPT-N28","0"
"CVLM-I234","0"
"CVFM-B48","0"
"CVVX-M279","0"
"CVWL-DV87","0"
"CVJD-I235","0"
"CVMK-K188","0"
"CVUL-I220","0"
"CVWN-K191","0"
"CVWS-PC16-N1","0"
"CVFU-DV84","0"
"CVXE-E209","0"
"CVSN-G427","0"
"CVWL-DV88","0"
"CVSB-A135","0"
"CVMV-DV65-2GEN","0"
"CVGX-C95-2GEN","0"
"CVSB-K189","0"
"CVTM-C138","0"
"CVAK-E214","0"
"CVLP-M64","0"
"CVSL-I194","0"
"CVWJ-I207","0"
"CVLJ-LT15","0"
"CVFD-M275-2GEN","0"
"CVSD-624-2GEN","0"
"CVSB-G432","0"
"CVPT-N29","0"
"CVSB-G431","0"
"CVIR-C149","0"
"CVVO-G383-N1","0"
"CVGY-7405","0"
"CVVO-M281-N1","0"
"CVJY-C139-ATSC","0"
"CVJJ-G347-Right","0"
"CVIR-C150","0"
"CVBS-S50","0"
"CVWL-C155","0"
"CVSE-DV01-2GEN","0"
"CVSL-M267-N1","0"
"CVJC-H70","0"
"CVIR-C153","0"
"CVVO-A138","0"
"CVPT-G437","0"
"CVXR-I239","0"
"CVKA-I162-N1","0"
"CVIR-C154","0"
"CVFQ-E117-2GEN","0"
"CVS-C206","0"
"CVAK-E211","0"
"CVMF-TR38-N1","0"
"CVFY-C146","0"
"CVPT-K193","0"
"CVXU-K194","0"
"CVXC-C136-2GEN","0"
"CVXC-TR45","0"
"CVFA-A137","0"
"CVXF-A133","0"
"CVSB-E215","0"
"CVJI-E212","0"
"CVVM-A124-2GEN","0"
"CVSL-I198-2GEN","0"
"CVSB-G444","0"
"CVSF-C156","0"
"CVVO-H64-N1","0"
"CVUW-TR43","0"
"CVSN-LT91","0"
"CVSL-M224-2GEN","0"
"CVSL-M117-3GEN","0"
"CVSB-K192","0"
"CVKW-LT92","0"
"CVXP-G436","0"
"CVGY-7407","0"
"CVTN-7236","0"
"CVXR-I241","0"
"CVPT-G447","0"
"CVJH-OG03-N1","0"
"CVVX-M295","0"
"CVFM-M277-Camo","0"
"CVDQ-G443","0"
"CVGB-F20-N1","0"
"CVEM-M284","0"
"CVXV-H74","0"
"CVWL-I245","0"
"CVTP-C158","0"
"CVCT-G323-2GB-2GEN","0"
"CVSX-H75","0"
"CVSB-LT93","0"
"CVWR-G355-2GEN","0"
"CVWL-DV85","0"
"CVNH-I43-N2","0"
"CVRL-G270-2GEN","0"
"CVSB-OG15","0"
"CVUZ-E216","0"
"CVXR-A142","0"
"CVALM-FISHC2-N1","0"
"CVSB-K200","0"
"CVUZ-9410","0"
"CVSB-I236","0"
"CVAK-G457","0"
"CVPL-G204-2GEN","0"
"CVPL-G342-2GEN","0"
"CVUK-TR44","0"
"CVDQ-G442","0"
"CVWE-G414-N1","0"
"CVCJ-A150","0"
"CVVB-M305","0"
"CVUB-DC47","0"
"CVXR-A153","0"
"CVGY-E213","0"
"CVYK-A151","0"
"CVFQ-E210","0"
"CVKG-G462","0"
"CVSH-I259","0"
"CVSB-K202-32GB","0"
"CVUZ-E224","0"
"CVPL-G417","0"
"CVAAL-B20-N1","0"
"CVXE-E208","0"
"CVTP-C158-N1","0"
"CVUY-F32-2GEN","0"
"CVDQ-M299","0"
"CVFU-DV84-2GEN","0"
"CVFU-DV73-2GEN","0"
"CVXC-TR39-2GEN","0"
"CVAK-E218","0"
"CVYG-A160","0"
"CVYG-B50","0"
"CVYF-10416-SILVER","0"
"CVXZ-E225","0"
"CVVO-I139-N1","0"
"CVYI-E226","0"
"CVFD-M306","0"
"CVYB-9812","0"
"CVXR-A158","0"
"CVXR-A155","0"
"CVVX-M317","0"
"CVKW-LT94","0"
"CVXR-LT90","0"
"CVJE-G101-N1","0"
"CVLM-I258","0"
"CVXO-M321","0"
"CVXM-M273-N1","0"
"CVDQ-M257-2GEN","0"
"CVXN-E220","0"
"CVSF-C147","0"
"CVAK-E155-2GEN","0"
"CVSE-DV92","0"
"CVXR-G466","0"
"CVLM-I123-3GEN","0"
"CVFD-M310","0"
"CVSB-G463","0"
"CVNI-G223-2GEN","0"
"CVYR-M318","0"
"CVWV-I212","0"
"CVFD-M319","0"
"CVYH-J87","0"
"CVIR-C166","0"
"CVMV-DV34-2GEN","0"
"CVIZ-LT100","0"
"CVXU-K210","0"
"CVDQ-M308","0"
"CVPT-G471","0"
"CVXR-I273","0"
"CVUD-A83-2GEN","0"
"CVVB-M297-N1","0"
"CVXR-G472","0"
"CVSB-LT99","0"
"CVSB-LT101","0"
"CVSB-K212","0"
"CVTM-C175","0"
"CVGB-F46","0"
"CVYI-E229","0"
"CVXY-A164","0"
"CVXR-G473","0"
"CVSB-LT102","0"
"CVJI-E198-N1","0"
"CVYT-LT105","0"
"CVDQ-M298","0"
"CVSN-A166","0"
"CVWV-I218","0"
"CVFM-B48-RED","0"
"CVKQ-F23-N1","0"
"CVAK-E232","0"
"CVLQ-OG16","0"
"CVXR-A161","0"
"CVXO-C164","0"
"CVSH-I275","0"
"CVSB-G362-2GEN","0"
"CVYT-A177","0"
"CVYT-A171","0"
"CVFW-K09-2GEN","0"
"CVXX-A140","0"
"CVXR-S60","0"
"CVPT-G470","0"
"CVDQ-M324","0"
"CVFD-M316","0"
"CVXT-M329-RED","0"
"CVJD-I252","0"
"CVUZ-9410-XMAS","0"
"CVEM-M300","0"
"CVXS-G441","0"
"CVNU-DV78","0"
"CVXR-A178-Silver","0"
"CVPT-H72","0"
"CVNI-G170-N1","0"
"CVXZ-E217","0"
"CVYT-LT110","0"
"CVYE-I280","0"
"CVSN-A182","0"
"CVNY-G481","0"
"CVNY-G491","0"
"CVNY-G495","0"
"CVSN-G438","0"
"CVAK-G449","0"
"CVYE-I278","0"
"CVNY-G486","0"
"CVNY-G494","0"
"CVAU-C87-2GEN","0"
"CVUZ-9421","0"
"CVAU-C106-2GEN","0"
"CVFD-M320","0"
"CVFG-A11-N1","0"
"CVFD-M278","0"
"CVFD-M336-White","0"
"CVFD-M334-White","0"
"CVFD-M334-Black","0"
"CVMC-F28-2GEN","0"
"CVYV-E237","0"
"CVGY-9414","0"
"CVXO-DV93","0"
"CVJE-G101-Black","0"
"CVSB-A187","0"
"CVHQ-E236","0"
"CVSN-A181","0"
"CVYP-I281","0"
"CVGY-7402-BLACK-2GEN","0"
"CVGY-9415","0"
"CVYT-A190","0"
"CVYT-G479","0"
"CVSB-G474","0"
"CVFD-M333-Black","0"
"CVFD-M333-White","0"
"CVYU-M328","0"
"CVFD-M331","0"
"CVUZ-7423-Red","0"
"CVSB-A186","0"
"CVMG-DC42-2GEN","0"
"CVYT-A175-Red","0"
"CVWX-A189","0"
"CVYY-I284","0"
"CVSB-G430","0"
"CVXR-K204-32GB","0"
"CVLM-I277","0"
"CVWX-A188","0"
"CVGC-LT112","0"
"CVNY-G492","0"
"CVJP-G278-2GEN","0"
"CVYB-9812-2GEN","0"
"CVSB-G428","0"
"CVWL-I244","0"
"CVOC-C176","0"
"CVSB-K214","0"
"CVSB-K213","0"
"CVSH-J82","0"
"CVYH-J88","0"
"CVSB-G497","0"
"CVSH-J81","0"
"CVSX-H77","0"
"CVYF-10416","0"
"CVGY-E223","0"
"CVFD-M310-2GEN","0"
"CVYR-M322","0"
"CVSB-S53","0"
"CVYH-LT114","0"
"CVBS-A149","0"
"CVPT-G498","0"
"CVYH-LT113","0"
"CVBS-S58","0"
"CVXT-M325-2GEN","0"
"CVXT-M325-2GEN-Black","0"
"CVSH-I168-2GEN","0"
"CVYC-I282","0"
"CVSH-CS25-2GEN","0"
"CVYA-8419","0"
"CVMN-J84","0"
"CVYY-I291","0"
"CVBU-K207","0"
"CVWX-A189-White","0"
"CVYI-E251","0"
"CVSB-G397-2GEN","0"
"CVSB-A185","0"
"CVPT-G448","0"
"CVFD-M315-2GEN","0"
"CVYZ-M339-White","0"
"CVYZ-M339","0"
"CVXT-M329-WHITE","0"
"CVNY-G490","0"
"CVSN-A193","0"
"CVUG-TR47","0"
"CVDQ-LT97","0"
"CVXR-E228","0"
"CVFD-M310-White","0"
"CVGY-7430","0"
"CVYI-E249","0"
"CVXT-LT89","0"
"CVXO-E219-2GEN","0"
"CVSN-A136","0"
"CVZB-K216","0"
"CVZB-K215","0"
"CVUZ-7423-White","0"
"CVMG-DC34-N1","0"
"CVSB-A134","0"
"CVYJ-E227","0"
"CVMH-H50-N1","0"
"CVNY-G487","0"
"CVNI-M292","0"
"CVCJ-B47","0"
"CVWF-PC25","0"
"CVSB-DC45-N1","0"
"CVSH-C167","0"
"CVXC-C137-2GEN","0"
"CVSB-G496","0"
"CVSL-M117-2GEN","0"
"CVLM-I287","0"
"CVSE-DV91","0"
"CVSB-A148","0"
"CVAK-TR46-2GEN","0"
"CVYK-A169","0"
"CVXR-H83","0"
"CVVM-G413-N1","0"
"CVYI-E250","0"
"CVIB-E194-2GEN","0"
"CVGY-7429","0"
"CVJM-K208","0"
"CVGC-LT111","0"
"CVSB-A145","0"
"CVXD-A192","0"
"CVZA-M341","0"
"CVGY-9431","0"
"CVXS-K198","0"
"CVXR-LT107","0"
"CVXY-K217","0"
"CVYT-LT115","0"
"CVYW-I293","0"
"CVXO-M289","0"
"CVGY-7405-2GEN","0"
"CVGY-8427","0"
"CVYF-8425","0"
"CVIB-E149-3GEN","0"
"CVXR-I238","0"
"CVXP-G461-Blue","0"
"CVJP-G502","0"
"CVXO-E253","0"
"CVYR-M318-N1","0"
"CVYI-E234","0"
"CVJP-G503","0"
"CVSB-J48-220V-2GEN","0"
"CVSB-I236-N1","0"
"CVYW-I289","0"
"CVSN-A194","0"
"CVQD-G348-2GEN","0"
"CVSB-K218","0"
"CVSCW-9204","0"
"CVSCW-9201","0"
"CVPT-E248","0"
"CVSB-K195","0"
"CVJR-K196","0"
"CVXM-M273-N2","0"
"CVVB-M294-N1","0"
"CVWX-A196","0"
"CVWX-A195","0"
"CVAK-E232-White","0"
"CVGY-10428","0"
"CVWN-M226-2GEN","0"
"CVXC-C177","0"
"CVLM-I234-2GEN","0"
"CVSB-A144","0"
"CVYT-A200","0"
"CVOW-I237","0"
"CVSB-G504","0"
"CVFD-M347-White","0"
"CVFD-M347-Grey","0"
"CVYT-A205","0"
"CVAK-7432","0"
"CVFD-M342","0"
"CVFD-M332","0"
"CVFD-M348","0"
"CVBS-A203","0"
"CVNI-G450","0"
"CVIR-C130-2GEN","0"
"CVGX-C37-2GEN","0"
"CVIZ-G500","0"
"CVXR-A179-Blue","0"
"CVYT-A199","0"
"CVSB-A180","0"
"CVZF-K220","0"
"CVJD-I240","0"
"CVYM-E230-2GEN","0"
"CVNY-G465","0"
"CVNY-G493","0"
"CVSB-A206","0"
"CVYR-M346","0"
"CVFD-M315-White","0"
"CVXT-M329-BLACK","0"
"CVXP-G505","0"
"CVVW-G510","0"
"CVWL-DV83","0"
"CVLQ-OG21","0"
"CVKB-G429","0"
"CVFD-M335-White","0"
"CVUD-A83-White-N1","0"
"CVKA-A131-N1","0"
"CVJI-E257","0"
"CVVE-C179","0"
"CVSB-E258","0"
"CVXT-M345-Black","0"
"CVXT-M345-Orange","0"
"CVXR-A204","0"
"CVXT-M345-White","0"
"CVGB-F20-2GEN","0"
"CVKG-G446","0"
"CVFD-M335-Black","0"
"CVLM-I295","0"
"CVXP-DC48","0"
"CVPT-G477","0"
"CVYM-E246","0"
"CVYZ-M339-White-2GEN","0"
"CVSN-G508","0"
"CVKG-J89","0"
"CVGY-7435","0"
"CVHZ-LT118","0"
"CVDQ-M308-BLACK","0"
"CVUG-TR42-2GEN","0"
"CVYF-7424","0"
"CVXK-G499","0"
"CVDQ-M351","0"
"CVGY-7429-2GEN","0"
"CVHZ-LT117","0"
"CVAK-E260","0"
"CVSB-A147","0"
"CVYH-J85","0"
"CVBS-S52","0"
"CVSB-K201","0"
"CVGF-LT47-2GEN","0"
"CVPT-A163","0"
"CVNY-G485","0"
"CVXG-C132-2GEN","0"
"CVYF-7437","0"
"CVYP-I288","0"
"CVGY-10433","0"
"CVYP-I274","0"
"CVXR-I264","0"
"CVSN-A168","0"
"CVFU-E259","0"
"CVFD-M338-2GEN","0"
"CVSB-A139","0"
"CVSN-G506","0"
"CVSN-A202","0"
"CVXR-G445","0"
"CVCL-LT37-2GEN","0"
"CVLC-LT96","0"
"CVNI-M292-2GEN","0"
"CVXR-A162","0"
"CVYF-10413","0"
"CVFD-M278-N1","0"
"CVSB-J48-110V-2GEN","0"
"CVYR-M346-2GEN","0"
"CVDQ-M299-2GEN","0"
"CVSA-I254","0"
"CVSB-OG17","0"
"CVDQ-M307","0"
"CVXO-DV94","0"
"CVPT-I298","0"
"CVJY-C172","0"
"CVSN-C159","0"
"CVWN-M226-Orange-2GEN","0"
"CVXR-A179-Silver","0"
"CVYZ-M353","0"
"CVMG-DV76-2GEN","0"
"CVAL-J02-N1","0"
"CVLM-I91-2GEN","0"
"CVLM-I296","0"
"CVFD-M311-2GEN","0"
"CVAK-E255","0"
"CVLQ-OG22","0"
"CVFD-M310-White-2GEN","0"
"CVFD-M310-Black-2GEN","0"
"CVZE-M349","0"
"CVSI-C170","0"
"CVYC-I276","0"
"CVGY-7436","0"
"CVXO-M326","0"
"CVSB-A191","0"
"CVJP-B49","0"
"CVTM-C163","0"
"CVSX-H76","0"
"CVZE-M350","0"
"CVXO-M309","0"
"CVYC-J86","0"
"CVLM-I246","0"
"CVLM-I262","0"
"CVLM-I242","0"
"CVLM-I255","0"
"CVYD-G511","0"
"CVYW-I292","0"
"CVXD-LT116","0"
"CVXR-H79","0"
"CVVB-M293-N1","0"
"CVYZ-M355","0"
"CVFD-M356","0"
"CVFD-M357","0"
"CVFD-M357-White","0"
"CVVX-M358-Gray","0"
"CVXR-J93","0"
"CVZH-A211","0"
"CVSB-A159-2GEN","0"
"CVZH-A210","0"
"CVDQ-M307-2GEN","0"
"CVZJ-H84","0"
"CVXY-H82","0"
"CVJC-G512","0"
"CVIR-C183","0"
"CVAK-E146-2GEN","0"
"CVXR-A179","0"
"CVXR-J94","0"
"CVFU-DV07-2GEN","0"
"CVZK-I299","0"
"CVYC-I263","0"
"CVXO-M359-White","0"
"CVXO-M359-Red","0"
"CVFQ-A216","0"
"CVSN-G458","0"
"CVDQ-M257-3GEN","0"
"CVFD-M348-Gray","0"
"CVYZ-M361","0"
"CVZF-K219","0"
"CVWX-A214","0"
"CVJM-K209","0"
"CVWX-A215","0"
"CVUZ-7439","0"
"CVXZ-E233","0"
"CVLM-I272","0"
"CVXO-G456","0"
"CVQY-G459","0"
"CVLM-I266","0"
"CVYT-A174","0"
"CVYT-A172","0"
"CVFD-M311","0"
"CVYZ-M362-White","0"
"CVUD-A71-2GEN","0"
"CVGC-G515","0"
"CVOW-I304","0"
"CVFD-M365","0"
"CVYZ-M362-Black","0"
"CVYT-A212","0"
"CVYG-A146","0"
"CVYP-I306","0"
"CVLM-E231","0"
"CVLM-I201-2GEN","0"
"CVLM-I102-2GEN","0"
"CVYA-K223","0"
"CVSB-K222","0"
"CVWL-C181","0"
"CVSN-C185","0"
"CVRL-S24-2GEN","0"
"CVZC-M363","0"
"CVXZ-E235","0"
"CVYC-I307","0"
"CVZN-H85","0"
"CVSN-S61","0"
"CVLM-I301","0"
"CVSN-A167","0"
"CVYH-J92","0"
"CVPL-TR22-2GEN","0"
"CVFM-A222","0"
"CVFD-M357-White-2GEN","0"
"CVQF-E265","0"
"CVYM-E267","0"
"CVYM-E266","0"
"CVYZ-M369","0"
"CVVO-H64-2GEN","0"
"CVZM-OG24","0"
"CVJC-G513","0"
"CVXR-G523","0"
"CVAK-G468","0"
"CVTM-C182","0"
"CVYT-G520","0"
"CVYM-E246-2GEN","0"
"CVZG-A223","0"
"CVWN-M226-3GEN","0"
"CVJC-G340-2GEN","0"
"CVSN-G507","0"
"CVFD-M357-Grey-2GEN","0"
"CVFD-M377-BLACK","0"
"CVFD-M377-WHITE","0"
"CVFD-M374","0"
"CVBS-S49","0"
"CVHF-S54","0"
"CVFD-M330-Black","0"
"CVYZ-M361-2GEN","0"
"CVSB-S57","0"
"CVZF-E270","0"
"CVYZ-M339-2GEN","0"
"CVVE-C180","0"
"CVHM-H80","0"
"CVSH-I256","0"
"CVVE-C184","0"
"CVXR-A225","0"
"CVZT-7450","0"
"CVZW-LT120","0"
"CVZR-H89","0"
"CVLM-I247","0"
"CVYW-I286","0"
"CVPU-DC46-2GEN","0"
"CVWL-C195","0"
"CVYT-A198","0"
"CVZX-I311","0"
"CVFD-M330-White","0"
"CVRK-A224-WHITE","0"
"CVJY-C192","0"
"CVZM-OG23","0"
"CVZV-M378-BLACK","0"
"CVZK-I316","0"
"CVZV-M378-WHITE","0"
"CVJY-C186","0"
"CVZX-I312","0"
"CVFD-M374-BLACK","0"
"CVXY-A226","0"
"CVSB-OG20","0"
"CVXD-A220","0"
"CVXD-A221","0"
"CVYH-J95","0"
"CVYZ-M375-Green","0"
"CVYZ-M375-Yellow","0"
"CVZP-M380","0"
"CVBS-S62","0"
"CVIZ-LT122","0"
"CVPT-H90","0"
"CVYW-I314","0"
"CVZU-DV97","0"
"CVKQ-F24-2GEN","0"
"CVYT-A175-Orange","0"
"CVXD-E252","0"
"CVXH-CS60","0"
"CVLC-LT124","0"
"CVSN-G525","0"
"CVSB-G521","0"
"CVZU-C197","0"
"CVZY-I313","0"
"CVYF-10453","0"
"CVSB-A228","0"
"CVBS-S51","0"
"CVFD-M381","0"
"CVYB-11855","0"
"CVDQ-M389-Blue","0"
"CVZV-M376-YELLOW","0"
"CVZV-M376-BLACK","0"
"CVYG-A160-2GEN","0"
"CVYP-I308","0"
"CVYE-I317","0"
"CVZN-H92","0"
"CVXG-C133-2GEN","0"
"CVZP-M391-Black","0"
"CVZP-M391-White","0"
"CVZV-M376-ORANGE","0"
"CVYT-A230","0"
"CVYF-7451-BLACK","0"
"CVUZ-10444","0"
"CVTP-C196","0"
"CVPT-G478","0"
"CVJI-E273","0"
"CVYM-E268-WHITE","0"
"CVNZ-9459","0"
"CVXE-E208-2GEN","0"
"CVGY-7457","0"
"CVZG-M392-Black","0"
"CVZG-M392-White","0"
"CVZG-M393-Black","0"
"CVZG-M393-White","0"
"CVZG-M394","0"
"CVRK-A232","0"
"CVAAB-H96","0"
"CVBS-S63","0"
"CVAAC-I319","0"
"CVYZ-M385","0"
"CVSB-K226","0"
"CVAAC-I318","0"
"CVXT-M383-Grey","0"
"CVGY-A237","0"
"CVSB-G532","0"
"CVYY-I310","0"
"CVFD-M386","0"
"CVDQ-M389-White","0"
"CVAAE-G534","0"
"CVAAE-G533","0"
"CVYP-I323","0"
"CVYI-E276","0"
"CVWL-C187","0"
"CVSB-LT127","0"
"CVYE-I324","0"
"CVFD-M398-Black","0"
"CVFD-M398-White","0"
"CVYR-M322-2GEN","0"
"CVWL-C198","0"
"CVAAA-G528","0"
"CVAAF-G536","0"
"CVYW-I320","0"
"CVZP-M396-White","0"
"CVAAI-A238","0"
"CVXR-A236","0"
"CVMN-J80","0"
"CVFD-M381-Black","0"
"CVZR-H88","0"
"CVFD-M390","0"
"CVXD-A239-White","0"
"CVYF-7451-WHITE","0"
"CVZP-M396-Black","0"
"CVFD-M386-White","0"
"CVYW-I321","0"
"CVYY-I325","0"
"CVAK-E201-2GEN","0"
"CVXN-E274","0"
"CVXY-G538","0"
"CVXT-M403-Yellow","0"
"CVWX-A241","0"
"CVAAN-A245","0"
"CVXT-M403-White","0"
"CVXD-A233","0"
"CVYM-E278","0"
"CVSB-G453","0"
"CVIZ-LT128","0"
"CVYZ-M400-White","0"
"CVXD-A229","0"
"CVXD-A239-Black","0"
"CVSB-957-N2","0"
"CVGC-LT130","0"
"CVGC-LT129","0"
"CVYF-7461","0"
"CVPT-E275","0"
"CVXC-C200","0"
"CVSB-A170","0"
"CVSN-C174","0"
"CVWN-M226-Orange-3GEN","0"
"CVFD-M374-White-2GEN","0"
"CVFD-M374-BLACK-2GEN","0"
"CVVE-C202","0"
"CVZP-M396-Black-2GEN","0"
"CVAAO-C201","0"
"CVAAG-H101","0"
"CVJC-G433","0"
"CVFD-THL-W8-16GB","0"
"CVXT-M407-White","0"
"CVFQ-E222","0"
"CVSB-K212-2GEN","0"
"CVAAL-G542","0"
"CVZN-H104","0"
"CVFU-E283","0"
"CVXT-M407-Red","0"
"CVXT-M407-Blue","0"
"CVXT-M407-Black","0"
"CVXR-OG29","0"
"CVXU-K210-2GEN","0"
"CVSH-I329","0"
"CVJY-C208","0"
"CVVG-E280","0"
"CVDQ-M409","0"
"CVFD-M410","0"
"CVXR-G552","0"
"CVXZ-E263","0"
"CVAAA-G526","0"
"CVZW-LT125","0"
"CVXU-K194-2GEN","0"
"CVNZ-10458","0"
"CVZV-M414-Black","0"
"CVZC-M406","0"
"CVZN-H103","0"
"CVNP-A250","0"
"CVPB-M106-BLACK-2GEN","0"
"CVWL-DV98","0"
"CVEM-M416","0"
"CVFD-M405","0"
"CVBS-S55","0"
"CVAAK-M402-White","0"
"CVFD-M377-BLACK-2GEN","0"
"CVXT-M411","0"
"CVAAA-G554","0"
"CVAAA-G559","0"
"CVAAA-G560","0"
"CVAAA-G557","0"
"CVAAA-G553","0"
"CVVH-A253","0"
"CVVH-A252","0"
"CVVH-A254","0"
"CVZM-OG28","0"
"CVAAA-G556","0"
"CVAAR-E284","0"
"CVFU-E290","0"
"CVPT-L20-N1","0"
"CVLM-I335","0"
"CVSA-CS59-N1","0"
"CVXO-A257","0"
"CVXR-G561","0"
"CVAAA-G555","0"
"CVAAQ-C204","0"
"CVAAW-G567","0"
"CVFD-ThL-W9-Black","0"
"CVAAW-G565","0"
"CVOW-I336","0"
"CVVE-C211","0"
"CVVE-C210","0"
"CVJY-C191","0"
"CVOW-I337","0"
"CVSI-C189","0"
"CVEM-M420-White","0"
"CVXY-A258","0"
"CVAAY-K230","0"
"CVABC-H107","0"
"CVAAN-G546","0"
"CVAAJ-G540-Black","0"
"CVAAJ-G572","0"
"CVFM-M277-Grey","0"
"CVAAJ-G573","0"
"CVIZ-LT131","0"
"CVAAZ-H105","0"
"CVAAV-A259","0"
"CVAAX-G568","0"
"CVAAX-G569","0"
"CVUG-TR53","0"
"CVEM-M420-Black","0"
"CVAAJ-G540-Red","0"
"CVYP-I306-2GEN","0"
"CVSE-DC49","0"
"CVAAJ-G541","0"
"CVXO-E293","0"
"CVSB-K205-64GB-2GEN","0"
"CVPL-G354-2GEN","0"
"CVPT-7472","0"
"CVFQ-E277","0"
"CVAAH-LT136","0"
"CVJI-E110-2GEN","0"
"CVLM-E231-2GEN","0"
"CVKW-LT139","0"
"CVZN-H110","0"
"CVZN-H109","0"
"CVZN-H111","0"
"CVZN-H112","0"
"CVXR-LT135","0"
"CVECL-705H-3GEN","0"
"CVAAJ-G541-Red","0"
"CVAAJ-G548","0"
"CVAAJ-G547","0"
"CVAAJ-G549","0"
"CVZI-E262-2GEN","0"
"CVVE-C215","0"
"CVXR-S56","0"
"CVZG-A262","0"
"CVSB-G524","0"
"CVXR-I340","0"
"CVLM-I342","0"
"CVABD-N31","0"
"CVABD-N33","0"
"CVVG-E279","0"
"CVLM-I246-2GEN","0"
"CVYD-H116","0"
"CVEM-M433-White","0"
"CVFD-ThL-W8S-White","0"
"CVFD-ThL-W11-Black","0"
"CVFD-ThL-W11-White","0"
"CVYZ-M412-Black","0"
"CVEM-M435","0"
"CVFD-ThL-W200-White","0"
"CVIZ-LT143","0"
"CVXR-A141","0"
"CVYK-A277","0"
"CVYK-A278","0"
"CVYP-I349","0"
"CVZR-H87","0"
"CVXD-A256","0"
"CVSB-K233","0"
"CVYM-E303","0"
"CVFQ-E271","0"
"CVFU-K235","0"
"CVAAT-I346","0"
"CVAAT-I347","0"
"CVWX-A270","0"
"CVEM-M436-Black","0"
"CVFD-ThL-W200-Black","0"
"CVAAK-M402-Black","0"
"CVXR-A178-Blue","0"
"CVAAU-G562","0"
"CVXN-E299","0"
"CVPT-7475","0"
"CVIZ-LT123","0"
"CVZN-N36","0"
"CVZN-N37","0"
"CVSB-G532-White","0"
"CVZN-H102","0"
"CVXR-OG34","0"
"CVYZ-M412-White","0"
"CVAAA-G530","0"
"CVWX-A273","0"
"CVAAO-C218","0"
"CVXE-E203-2GEN","0"
"CVGY-10473","0"
"CVAAV-A279","0"
"CVWX-A213","0"
"CVABC-G582","0"
"CVABC-H122","0"
"CVZV-M408-Black","0"
"CVZV-M408-Green","0"
"CVZV-M432-Orange","0"
"CVZV-M432-Black","0"
"CVAAV-A282","0"
"CVABC-H119","0"
"CVABC-H118","0"
"CVWX-A281","0"
"CVABL-E306","0"
"CVAAV-A283","0"
"CVABH-I351","0"
"CVABC-H121","0"
"CVAAB-H117","0"
"CVABC-G583","0"
"CVABC-G584","0"
"CVABM-K238","0"
"CVABH-I352","0"
"CVABD-N32","0"
"CVSF-1001-N1","0"
"CVVY-J91","0"
"CVKB-G587","0"
"CVABM-K239","0"
"CVKB-G588","0"
"CVYM-E305","0"
"CVABL-E307","0"
"CVABC-H120","0"
"CVNP-E304","0"
"CVFD-M426-Black","0"
"CVGF-LT49-2GEN","0"
"CVLM-I248","0"
"CVLM-I249","0"
"CVYZ-M360","0"
"CVJD-I302","0"
"CVXT-M364-Black","0"
"CVXR-G579","0"
"CVYZ-M438-Black","0"
"CVYZ-M438-White","0"
"CVYC-I353","0"
"CVXY-G480","0"
"CVXY-LT141","0"
"CVABP-I355","0"
"CVYM-E291","0"
"CVABM-K236","0"
"CVABD-M440","0"
"CVABC-H123","0"
"CVABC-H125","0"
"CVABC-H124","0"
"CVWX-A274","0"
"CVZG-M442-White","0"
"CVZG-M442-Black","0"
"CVWX-A272","0"
"CVHI-E309","0"
"CVFD-ThL-W8S-Black","0"
"CVZG-M442-Yellow","0"
"CVZG-M44","0"
"CVZV-M376-BLUE","0"
"CVIZ-LT144","0"
"CVABN-I354","0"
"CVZC-M406-Black","0"
"CVEM-M449-Black","0"
"CVGY-7457-2GEN","0"
"CVYZ-M397-White","0"
"CVYW-I283","0"
"CVFU-I348","0"
"CVYH-OG26","0"
"CVECL-738H-2GEN","0"
"CVFD-ThL-W300-White","0"
"CVZP-M443-Blue","0"
"CVZP-M443-Yellow","0"
"CVZP-M443-White","0"
"CVEM-M451-Black","0"
"CVABO-C223","0"
"CVSB-G581","0"
"CVGY-7479","0"
"CVEM-M416-White","0"
"CVFD-M405-Black","0"
"CVABA-H106","0"
"CVAAV-A25","0"
"CVZG-M392-White-2GEN","0"
"CVECL-7019-BLACK-2GEN","0"
"CVZW-LT147","0"
"CVPT-E308","0"
"CVYZ-M450-White","0"
"CVZT-7481","0"
"CVYP-I356","0"
"CVXR-A157","0"
"CVYF-7452","0"
"CVXD-A235","0"
"CVSB-B21-2GEN","0"
"CVXR-B51","0"
"CVJY-C225","0"
"CVABM-K237","0"
"CVLM-I357","0"
"CVEM-M449-White","0"
"CVIZ-LT150-Red","0"
"CVIZ-LT150-Blue","0"
"CVAAV-A284","0"
"CVZP-M443-Green","0"
"CVZG-M392-Black-2GEN","0"
"CVYF-7483-Black","0"
"CVYF-7483-White","0"
"CVGY-7440-2GEN","0"
"CVABU-K240","0"
"CVSB-S64","0"
"CVAAM-G610","0"
"CVABC-G603","0"
"CVABU-A287","0"
"CVZP-M444-Black","0"
"CVWL-DV95","0"
"CVACA-A294","0"
"CVACA-E312","0"
"CVVE-C229","0"
"CVZV-M408-Green-N1","0"
"CVZV-M408-N1","0"
"CVKG-G518-2GEN","0"
"CVKG-G519-2GEN","0"
"CVABG-OG33","0"
"CVABO-C232","0"
"CVABF-E315","0"
"CVABF-E316","0"
"CVNY-G484","0"
"CVABZ-G611","0"
"CVWX-A297","0"
"CVVH-A266","0"
"CVGY-9482","0"
"CVZP-M444-White","0"
"CVZV-M432-Orange-N1","0"
"CVXR-N35","0"
"CVXR-A299","0"
"CVZK-I362","0"
"CVAAV-A296","0"
"CVMK-A298","0"
"CVABY-S67","0"
"CVABC-G613","0"
"CVXR-A302","0"
"CVXD-A268","0"
"CVZV-M414-White","0"
"CVZV-M432-Black-N1","0"
"CVFD-M447-Red","0"
"CVFD-M447-Blue","0"
"CVZV-M432-Green-N1","0"
"CVZP-M455-White","0"
"CVAAV-A285","0"
"CVXO-M439","0"
"CVXD-G614","0"
"CVYY-I343","0"
"CVGC-LT151","0"
"CVABC-G616","0"
"CVRK-A224-BLACK","0"
"CVGC-LT156","0"
"CVABT-M448-White","0"
"CVGC-LT155","0"
"CVPT-I297","0"
"CVZP-M443-Black","0"
"CVYZ-M453","0"
"CVYM-E291-2GEN","0"
"CVJI-E272-2GEN","0"
"CVACF-LT157","0"
"CVACF-LT158","0"
"CVYZ-M454-Black","0"
"CVYZ-M454-Yellow","0"
"CVYZ-M454-Green","0"
"CVAAV-A304","0"
"CVXR-G618","0"
"CVYK-A308","0"
"CVJD-I303","0"
"CVSB-LT140","0"
"CVGY-10473-2GEN","0"
"CVGY-7484","0"
"CVZG-M424-White","0"
"CVXR-G615","0"
"CVABQ-8480","0"
"CVABS-M446-Black","0"
"CVAAV-A295-Orange","0"
"CVYT-A249","0"
"CVACE-M462","0"
"CVYM-E230-3GEN","0"
"CVYF-7486-Blue","0"
"CVYW-I363","0"
"CVYW-I364","0"
"CVXO-M456","0"
"CVTN-A286","0"
"CVXD-G619-Men","0"
"CVFD-M374-Case-White","0"
"CVFD-M374-Case-Black","0"
"CVFD-M381-Case-Black","0"
"CVFD-M381-Case-White","0"
"CVFD-ThL-W200-Case-White","0"
"CVFD-ThL-W200-Case-Black","0"
"CVYP-I358","0"
"CVFD-ThL-W300-Case-White","0"
"CVFD-ThL-W11-Case-White","0"
"CVZT-9488","0"
"CVYC-J90","0"
"CVAAB-H95","0"
"CVAAU-G563","0"
"CVFD-M469-Black","0"
"CVFD-M470-White","0"
"CVFD-ThL-W300-Blue","0"
"CVZP-M455-Black","0"
"CVOW-I305","0"
"CVAAV-A295-Black","0"
"CVACC-A303","0"
"CVYZ-M467-Black","0"
"CVYZ-M467-Blue","0"
"CVYZ-M467-Orange","0"
"CVIZ-LT153","0"
"CVZV-M376-Blue-N1","0"
"CVZV-M376-Black-N1","0"
"CVACK-M480-White","0"
"CVACE-M474","0"
"CVXY-OG36","0"
"CVXN-E325","0"
"CVXN-E314","0"
"CVYI-E249-2GEN","0"
"CVACE-M475","0"
"CVACE-M471","0"
"CVACE-M472","0"
"CVACK-M479-White","0"
"CVFD-ThL-W8S-Case-Black","0"
"CVABZ-OG35","0"
"CVYN-I265","0"
"CVZK-I338","0"
"CVKG-J89-2GEN","0"
"CVZV-M376-Orange-N1","0"
"CVIB-E194-3GEN","0"
"CVABC-H132","0"
"CVPT-7471","0"
"CVABC-H128","0"
"CVABC-H129","0"
"CVABC-H130","0"
"CVVE-C180-2GEN","0"
"CVACA-A311","0"
"CVABU-K242","0"
"CVYY-I359","0"
"CVFD-M470-Black","0"
"CVFD-ThL-W11-White-32GB","0"
"CVFD-M447-Black","0"
"CVACI-LT160","0"
"CVACI-LT159","0"
"CVNP-A310","0"
"CVYY-I360","0"
"CVVE-C229-2GEN","0"
"CVACK-M482-White","0"
"CVACK-M482-Black","0"
"CVZV-M376-Yellow-N1","0"
"CVACE-M473","0"
"CVXO-M484-Black","0"
"CVUG-TR49","0"
"CVJY-C207","0"
"CVYC-I371","0"
"CVFU-E282","0"
"CVIZ-LT126-Blue","0"
"CVZP-M457","0"
"CVFD-M468-White","0"
"CVFD-M468-Black","0"
"CVACN-A316-White","0"
"CVZG-A208-Black","0"
"CVYW-I370","0"
"CVSN-G509","0"
"CVYF-7489-Black","0"
"CVYF-7489-White","0"
"CVACK-M480-Black","0"
"CVYZ-M375-Orange","0"
"CVVE-C220-2GEN","0"
"CVVE-C221-2GEN","0"
"CVAAH-LT138","0"
"CVVE-C184-2GEN","0"
"CVFD-M487-White","0"
"CVAAT-I373","0"
"CVACJ-I367","0"
"CVACL-M483-White","0"
"CVACL-M483-Black","0"
"CVFD-M487-Black","0"
"CVEM-M416-Golden","0"
"CVYB-10890","0"
"CVAAV-A313","0"
"CVXD-H133","0"
"CVECL-7019-TAN-2GEN","0"
"CVACO-LT165","0"
"CVACK-M481-White","0"
"CVZG-M445-Black","0"
"CVHZ-G73-2GEN","0"
"CVYF-G571","0"
"CVACQ-LT166","0"
"CVACU-LT167","0"
"CVXR-A312","0"
"CVABW-LT162","0"
"CVABW-LT163","0"
"CVIZ-LT164-Red","0"
"CVABN-I369","0"
"CVAAR-E320","0"
"CVYZ-M466-Black","0"
"CVAAV-A317","0"
"CVXD-G619-Women","0"
"CVZC-M413-Orange-2GEN","0"
"CVZC-M413-Black-2GEN","0"
"CVZP-M457-Blue","0"
"CVXR-I368","0"
"CVYZ-M368-White","0"
"CVGY-7474","0"
"CVACG-J98","0"
"CVACG-J97","0"
"CVABH-I377","0"
"CVYW-I285-2GEN","0"
"CVYW-I293-2GEN","0"
"CVACS-C240","0"
"CVABO-C238","0"
"CVACT-C241","0"
"CVVE-C203-2GEN","0"
"CVJI-E212-2GEN","0"
"CVXH-CS60-N1","0"
"CVACX-C244","0"
"CVXC-C236","0"
"CVYW-I315","0"
"CVGY-7477","0"
"CVABU-K241","0"
"CVJY-C246","0"
"CVACV-M493","0"
"CVXP-E331","0"
"CVWL-DV95-2GEN","0"
"CVYY-I344","0"
"CVJY-C245","0"
"CVACV-M491-White","0"
"CVACV-M492-White","0"
"CVABQ-7494","0"
"CVACZ-G629","0"
"CVXD-LT168","0"
"CVTP-C196-2GEN","0"
"CVYZ-M438-Green","0"
"CVFU-E336","0"
"CVSH-I330","0"
"CVIZ-LT133","0"
"CVSB-I381","0"
"CVXR-G633","0"
"CVWL-I390","0"
"CVYC-I378","0"
"CVYF-M500","0"
"CVXY-G537","0"
"CVVE-C228-2GEN","0"
"CVACK-M490-white","0"
"CVYZ-M503-Red","0"
"CVYZ-M503-Yellow","0"
"CVYZ-M503-Black","0"
"CVYZ-M400-Black","0"
"CVPT-G475","0"
"CVQY-E339","0"
"CVXO-N40-Black","0"
"CVXO-N40-White","0"
"CVFQ-E342","0"
"CVACS-C247","0"
"CVWX-A271","0"
"CVABC-G635","0"
"CVABC-LT170","0"
"CVABC-G636","0"
"CVAAR-E338","0"
"CVABC-LT171","0"
"CVYF-7486-Pink","0"
"CVZG-M499-Red","0"
"CVWX-A319","0"
"CVXD-H146","0"
"CVXR-I279","0"
"CVAAV-A320","0"
"CVXN-E292-White","0"
"CVFD-M431-Black","0"
"CVACT-C249","0"
"CVACD-G637","0"
"CVABC-G634","0"
"CVABQ-7478","0"
"CVSB-I386","0"
"CVSB-A322","0"
"CVZG-M511-Black","0"
"CVSB-G632","0"
"CVZG-M511-White","0"
"CVYC-I379","0"
"CVXT-M494-Black","0"
"CVXT-M494-White","0"
"CVYF-7451-Black-2GEN","0"
"CVACD-E347","0"
"CVYZ-M510-Black","0"
"CVADG-S68","0"
"CVACY-E334","0"
"CVACY-E335","0"
"CVAAH-OG37","0"
"CVABD-M421","0"
"CVLM-I296-2GEN","0"
"CVACY-E332","0"
"CVADG-S70","0"
"CVADG-S71","0"
"CVADG-G649","0"
"CVYZ-M516-Black","0"
"CVYK-A291","0"
"CVYZ-M516-Pink","0"
"CVYF-7451-White-2GEN","0"
"CVOC-C103-2GEN","0"
"CVADD-A323","0"
"CVZC-7491","0"
"CVYD-H145-Orange","0"
"CVYZ-M516-White","0"
"CVYZ-M417-Black","0"
"CVABH-I345","0"
"CVACV-M491-Black","0"
"CVPT-E340","0"
"CVPT-E341","0"
"CVYZ-M510-White","0"
"CVXO-DV94-N1","0"
"CVJI-E354","0"
"CVZM-OG27-USB-ACC","0"
"CVADA-M506-Black","0"
"CVGY-7484-POW-ACC","0"
"CVXZ-E317","0"
"CVYZ-M516-Gold","0"
"CVADF-G646","0"
"CVYP-I306-2GEN-POW-ACC","0"
"CVADA-M506-White","0"
"CVFD-M507-White","0"
"CVFD-thl-T200","0"
"CVFD-M507-Black","0"
"CVABQ-7497","0"
"CVACE-M514-Black","0"
"CVXN-E350-Blue","0"
"CVXN-E350-Pink","0"
"CVABM-I394","0"
"CVYT-S72","0"
"CVACQ-LT176","0"
"CVABO-C253","0"
"CVYH-G654","0"
"CVACK-M490-Black","0"
"CVABA-H147","0"
"CVACB-M519-Pink","0"
"CVYZ-M509-Black","0"
"CVABD-M518","0"
"CVABD-M518-White","0"
"CVYZ-M509","0"
"CVACB-M519-Black","0"
"CVACB-M519-White","0"
"CVZK-I341","0"
"CVLM-I388","0"
"CVQY-E289-N1","0"
"CVACB-M519-Blue","0"
"CVYH-I395","0"
"CVHI-E352","0"
"CVADK-C252","0"
"CVLM-I251","0"
"CVUM-G282-2GEN","0"
"CVJC-G590","0"
"CVWX-A325","0"
"CVFU-E349","0"
"CVADH-A326","0"
"CVABC-G651","0"
"CVABC-G653","0"
"CVABC-G652","0"
"CVSB-G657","0"
"CVXO-M484-Silver","0"
"CVGC-LT178","0"
"CVIZ-LT179","0"
"CVJY-C251","0"
"CVABP-I392","0"
"CVABO-C254","0"
"CVIZ-LT180","0"
"CVFU-E353","0"
"CVZT-74100","0"
"CVAAB-H93","0"
"CVFD-ThL-T100S","0"
"CVFD-thl-T5-Black","0"
"CVYT-G607","0"
"CVLL-I383","0"
"CVEM-M517-Black","0"
"CVACD-K250","0"
"CVZN-N39","0"
"CVZC-M524","0"
"CVWL-DV95-2GEN-Orange","0"
"CVYB-108104","0"
"CVNP-E344","0"
"CVIZ-LT154","0"
"CVNP-A309","0"
"CVADG-S69","0"
"CVZP-M520-White","0"
"CVZP-M527-Orange","0"
"CVACJ-G655","0"
"CVACC-A330","0"
"CVAAB-H94","0"
"CVYZ-M400-Orange","0"
"CVZX-I331","0"
"CVZR-H86","0"
"CVYW-I286-2GEN","0"
"CVGY-7479-Red-2GEN","0"
"CVABM-K248","0"
"CVABM-K249","0"
"CVYF-7499","0"
"CVZN-N38","0"
"CVZA-M529-White","0"
"CVZA-M529-Black","0"
"CVRK-K225","0"
"CVYT-A248","0"
"CVABC-H115","0"
"CVZC-M429","0"
"CVEM-M515-White","0"
"CVYZ-M368-Blue","0"
"CVIZ-LT152","0"
"CVAAH-LT137","0"
"CVZW-LT148","0"
"CVZW-LT175","0"
"CVYZ-M513-Green","0"
"CVFM-B42-POW-ACC","0"
"CVZG-M522-Black","0"
"CVFD-ThL-T200-White","0"
"CVABD-N34","0"
"CVXR-H108","0"
"CVYF-74102-Black","0"
"CVACB-M532-White","0"
"CVXR-G578","0"
"CVXR-I328","0"
"CVAAP-K229","0"
"CVABO-I361","0"
"CVXR-K246","0"
"CVACB-M532-Black","0"
"CVMN-J84-MON-ACC","0"
"CVFD-M502-Black","0"
"CVUG-TR50","0"
"CVZM-OG27","0"
"CVSH-J96","0"
"CVACS-C250","0"
"CVXR-H99","0"
"CVADH-A327","0"
"CVZT-9488-2GEN","0"
"CVXT-M495","0"
"CVFD-M502-White","0"
"CVZP-M533","0"
"CVZP-M527-Green","0"
"CVTP-C158-N1-2GEN","0"
"CVADO-LT189","0"
"CVADO-LT187","0"
"CVADO-LT190","0"
"CVACQ-LT200","0"
"CVABR-C224","0"
"CVABW-G606","0"
"CVACO-LT183","0"
"CVFD-M536-White","0"
"CVACO-LT184","0"
"CVFU-E348","0"
"CVACO-LT185","0"
"CVSN-G660","0"
"CVPT-E373","0"
"CVFD-thl-T200C-White","0"
"CVACQ-OG41","0"
"CVZC-M568","0"
"CVXD-A336","0"
"CVZP-M559-White","0"
"CVZC-M565","0"
"CVZP-M533-Blue","0"
"CVAAR-E371","0"
"CVGY-M557","0"
"CVGY-M557-Red","0"
"CVADG-S77","0"
"CVXP-E379","0"
"CVYF-10462","0"
"CVADO-LT204","0"
"CVJP-I410","0"
"CVACV-M571","0"
"CVABC-E369","0"
"CVZG-A208-Blue","0"
"CVZG-M373","0"
"CVXP-E313","0"
"CVADO-LT191","0"
"CVACD-E376","0"
"CVYY-I411","0"
"CVADX-S78","0"
"CVACC-A340","0"
"CVADY-I413","0"
"CVACV-M553","0"
"CVJC-G589","0"
"CVXR-M544","0"
"CVACK-M488-Black","0"
"CVYZ-M567-White","0"
"CVYZ-M567-Pink","0"
"CVADW-M578-Black","0"
"CVAAL-G543","0"
"CVZC-M430","0"
"CVYH-H154","0"
"CVABO-DV102","0"
"CVYF-74106","0"
"CVGC-LT226","0"
"CVADW-M579-White","0"
"CVADW-M579-Black","0"
"CVGY-84113","0"
"CVAAT-I346-2GEN","0"
"CVYT-H126","0"
"CVZP-M520-Black","0"
"CVADO-LT188","0"
"CVYZ-M576-Black","0"
"CVFD-M581","0"
"CVADA-M556-Black","0"
"CVLM-I102-3GEN","0"
"CVSB-A341","0"
"CVZT-74112","0"
"CVZG-M499-White","0"
"CVFD-M447-Blue-2GEN","0"
"CVYZ-M566-Black","0"
"CVAAR-E378","0"
"CVAAR-E372","0"
"CVYZ-M537-Yellow","0"
"CVFD-M580-Black","0"
"CVFD-M580-White","0"
"CVEM-M574","0"
"CVADT-G669","0"
"CVLM-I397","0"
"CVACQ-LT224","0"
"CVACW-M583-White","0"
"CVACZ-G671","0"
"CVACW-M583-Black","0"
"CVXT-M584-White","0"
"CVXT-M584-Black","0"
"CVABR-C235","0"
"CVUV-A260","0"
"CVZG-M577-Black","0"
"CVADA-M572","0"
"CVZG-M577-White","0"
"CVNZ-9470-Black-2GEN","0"
"CVNZ-9470-White-2GEN","0"
"CVGI-E377","0"
"CVZP-M588","0"
"CVADA-M572-White","0"
"CVAAR-E301","0"
"CVHI-E351","0"
"CVACQ-LT225","0"
"CVABZ-I416","0"
"CVAAR-E345-2GEN","0"
"CVWL-C368","0"
"CVYL-TR52","0"
"CVFD-thl-4400","0"
"CVXY-J103","0"
"CVYE-I278-N1","0"
"CVADG-S79","0"
"CVABC-G670","0"
"CVADG-S80","0"
"CVAAH-G539","0"
"CVACD-E318","0"
"CVSH-I399","0"
"CVEM-M541","0"
"CVABO-C260","0"
"CVADU-C364","0"
"CVYW-I420","0"
"CVYW-I421","0"
"CVADG-S81","0"
"CVXR-G617","0"
"CVZC-M406-Green","0"
"CVLM-I242-2GEN","0"
"CVYM-E380","0"
"CVABA-H155","0"
"CVACC-A343","0"
"CVSN-G672","0"
"CVSB-LT221","0"
"CVEM-M543","0"
"CVYF-M586-White","0"
"CVYF-M586-Black","0"
"CVADA-M556-White","0"
"CVACW-M554-White","0"
"CVEM-M542","0"
"CVAAK-M594-White","0"
"CVABO-C367","0"
"CVADU-C263","0"
"CVYF-104114-White","0"
"CVYF-104114-Black","0"
"CVLM-I91-3GEN","0"
"CVPL-G417-2GEN","0"
"CVABC-G673","0"
"CVYF-M538-Grey","0"
"CVACC-A344","0"
"CVABO-C369","0"
"CVYW-I424","0"
"CVACQ-LT173","0"
"CVFM-B42-PearlWhite-N1","0"
"CVXT-M564-Black","0"
"CVXT-M564-White","0"
"CVADB-DV100","0"
"CVXT-M600","0"
"CVVE-C372","0"
"CVVE-C371","0"
"CVABS-M596-Orange","0"
"CVABS-M596-Black","0"
"CVEM-M515-Blue","0"
"CVAAT-I419","0"
"CVAAT-I418","0"
"CVAAU-G600","0"
"CVZW-LT146","0"
"CVWL-DC51","0"
"CVSB-A350","0"
"CVSH-I290","0"
"CVFM-OG25","0"
"CVYZ-M375-Green-2GEN","0"
"CVADG-S82","0"
"CVSB-A348","0"
"CVADG-S84","0"
"CVADG-S83","0"
"CVAAK-M603-Black","0"
"CVAAK-M603-White","0"
"CVYF-A347","0"
"CVYC-A349","0"
"CVZU-DV103","0"
"CVAAT-I430","0"
"CVSB-G674","0"
"CVVE-C259","0"
"CVXD-B53","0"
"CVYZ-M375-Orange-2GEN","0"
"CVYC-I428","0"
"CVAEA-E384","0"
"CVADR-MX3-16GB","0"
"CVABK-I431","0"
"CVZC-74110","0"
"CVWY-M602-white","0"
"CVSB-J104","0"
"CVAEB-E385","0"
"CVEM-M515-Black","0"
"CVADM-M528-White","0"
"CVACM-A314","0"
"CVACM-A315","0"
"CVABR-C373","0"
"CVYZ-M593-Green","0"
"CVYZ-M593-Yellow","0"
"CVGY-9415-3GEN","0"
"CVWY-B54-white","0"
"CVWY-B54-Black","0"
"CVACD-E382","0"
"CVUG-TR53-2GEN","0"
"CVSN-G677","0"
"CVEM-M574-Golden","0"
"CVYH-J105","0"
"CVAAV-A352","0"
"CVADG-S86","0"
"CVABR-C255","0"
"CVSX-G678","0"
"CVYZ-M582-Black-2GEN","0"
"CVSB-I433","0"
"CVZT-74121","0"
"CVSB-J106","0"
"CVXO-A355-White","0"
"CVXD-OG42","0"
"CVSB-A354","0"
"CVABC-G679","0"
"CVABR-C375","0"
"CVSH-I398","0"
"CVADG-S87","0"
"CVYC-I432","0"
"CVACX-C379","0"
"CVAAH-LT161","0"
"CVADP-E389-8GB","0"
"CVADV-M616","0"
"CVJC-G681","0"
"CVJC-G682","0"
"CVADP-E389-16GB","0"
"CVADG-S85","0"
"CVSN-A353","0"
"CVYF-104125","0"
"CVGC-LT119","0"
"CVZY-OG31","0"
"CVGC-LT228","0"
"CVXT-M600-Black","0"
"CVYC-I436","0"
"CVUZ-74116","0"
"CVZP-M560-Blue","0"
"CVADG-S88","0"
"CVABO-DV105","0"
"CVUZ-104119","0"
"CVAEE-J108","0"
"CVYF-104122","0"
"CVAAV-A357","0"
"CVVG-E281","0"
"CVACC-A342","0"
"CVUZ-104115","0"
"CVABQ-94123","0"
"CVAEF-thl-5000-White","0"
"CVFD-thl-4400-White","0"
"CVFU-E391","0"
"CVZU-C239","0"
"CVACC-G685","0"
"CVAED-I437","0"
"CVADA-M617","0"
"CVAAM-G689","0"
"CVAEB-E387","0"
"CVPT-G684","0"
"CVZP-M589","0"
"CVYZ-M590-Orange","0"
"CVYZ-M590-Green","0"
"CVACD-E363","0"
"CVADJ-K256","0"
"CVAEG-I439","0"
"CVJI-E392","0"
"CVXD-E366","0"
"CVJC-G683","0"
"CVSN-G672-Blue","0"
"CVABY-A293","0"
"CVXD-G687","0"
"CVYW-I438","0"
"CVFD-thl-T11-White","0"
"CVFD-M628-Black","0"
"CVFD-M628-White","0"
"CVADW-M627-Black","0"
"CVFD-M629-Black","0"
"CVADW-M627-White","0"
"CVACD-H158","0"
"CVYF-M614-White","0"
"CVGC-LT203","0"
"CVZX-I398","0"
"CVADV-M632-Black","0"
"CVFD-M592-Black","0"
"CVADU-C263-2GEN","0"
"CVGI-LT231","0"
"CVWL-DV108","0"
"CVYK-A363","0"
"CVAEK-LT233","0"
"CVADV-M632-White","0"
"CVYF-M633-Black","0"
"CVYF-M633-White","0"
"CVSN-G691","0"
"CVAEK-LT234","0"
"CVXU-K211","0"
"CVLM-I232-2GEN","0"
"CVZX-I441","0"
"CVAEK-J109","0"
"CVFD-M447-Black-2GEN","0"
"CVAEK-OG44","0"
"CVAEI-M630-White","0"
"CVSB-K257","0"
"CVPL-G522","0"
"CVZX-I332","0"
"CVACO-H139","0"
"CVAEM-LT236","0"
"CVXR-A359","0"
"CVYC-I380","0"
"CVCL-LT230","0"
"CVYF-M635-Black","0"
"CVYF-104127-Black","0"
"CVYF-104127-White","0"
"CVAEL-E394","0"
"CVYF-M489","0"
"CVYW-I442","0"
"CVGY-A366","0"
"CVYB-104124","0"
"CVABR-C380","0"
"CVZP-M625-White","0"
"CVYZ-547-Black-2GEN","0"
"CVABM-A365","0"
"CVAEM-LT235","0"
"CVPT-H159","0"
"CVZT-74100-2GEN","0"
"CVACX-C243","0"
"CVET-C262","0"
"CVADT-H152-Red","0"
"CVAEF-thl-L969-Black","0"
"CVAEF-thl-L969-White","0"
"CVABO-DV107","0"
"CVYB-104124-White","0"
"CVXD-LT232","0"
"CVQY-E289-N1-Black","0"
"CVWL-DV109","0"
"CVWL-C213-2GEN","0"
"CVAEJ-A364","0"
"CVAEO-E395","0"
"CVYH-J101","0"
"CVFD-M592-White","0"
"CVVE-C377","0"
"CVYZ-M593-Black","0"
"CVXR-G627","0"
"CVACD-E398","0"
"CVPT-G680","0"
"CVGC-LT226-7M","0"
"CVADV-M640","0"
"CVYF-94129","0"
"CVPT-H160","0"
"CVZP-M641-Black","0"
"CVZP-M641-White","0"
"CVADV-M616-White","0"
"CVABC-G692","0"
"CVAEF-thl-T6s-White","0"
"CVAEF-thl-T6s-Black","0"
"CVZC-M498-Green-2GEN","0"
"CVYM-E400","0"
"CVAAC-I443","0"
"CVADG-S74","0"
"CVZC-M498-Yellow-2GEN","0"
"CVYE-I257","0"
"CVAAW-G566","0"
"CVABT-M448-Gray","0"
"CVEM-M486-White","0"
"CVACK-M488-White","0"
"CVYF-104108","0"
"CVWY-M645-Silver","0"
"CVWY-M645-Black","0"
"CVACP-C237","0"
"CVFD-M604-Android","0"
"CVYF-104128","0"
"CVYF-M643-White","0"
"CVAEK-OG45","0"
"CVAAK-H161","0"
"CVXT-M642-White","0"
"CVLM-I446","0"
"CVFD-M604-Firefox","0"
"CVXT-M642-Black","0"
"CVXR-H150","0"
"CVGI-E396","0"
"CVXC-C381","0"
"CVSB-E401","0"
"CVYF-M649-White","0"
"CVIZ-LT132","0"
"CVYZ-M647-White","0"
"CVAEF-thl-W200C-White","0"
"CVYZ-M647-Black","0"
"CVYC-I445","0"
"CVADW-M652-Yellow","0"
"CVADW-M652-White","0"
"CVYP-I448","0"
"CVOW-I449","0"
"CVYZ-M650-White","0"
"CVYZ-M650-Black","0"
"CVZC-M622-Yellow","0"
"CVZC-M622-Black","0"
"CVAEQ-A367","0"
"CVAEQ-A368","0"
"CVAEQ-I447","0"
"CVPT-J110","0"
"CVADW-M652","0"
"CVYF-M538-Pink","0"
"CVPT-J111","0"
"CVABR-TR55","0"
"CVADA-94132","0"
"CVYZ-74137","0"
"CVABC-E397","0"
"CVAEK-A374","0"
"CVOW-I422","0"
"CVADO-LT229","0"
"CVADP-E411-8GB","0"
"CVAEK-LT238","0"
"CVYF-M665","0"
"CVACZ-G697","0"
"CVACZ-G696","0"
"CVXD-LT244","0"
"CVADP-E411-16GB","0"
"CVAAM-A289","0"
"CVABC-LT172","0"
"CVYP-I455","0"
"CVAAT-I372","0"
"CVADW-M648-Black","0"
"CVAEN-M637-Black","0"
"CVAEN-M637-Green","0"
"CVAEN-M637-Yellow","0"
"CVAEN-M637-Orange","0"
"CVYZ-547-Black-3GEN","0"
"CVFU-M664","0"
"CVAEU-M658-White","0"
"CVADW-M648-White","0"
"CVFQ-E408","0"
"CVAEE-J114","0"
"CVAAM-B52","0"
"CVFG-A12-N1","0"
"CVAEB-E385-2GEN","0"
"CVYF-104125-2GEN","0"
"CVACQ-LT177","0"
"CVYE-I391","0"
"CVADY-I454","0"
"CVZR-H164","0"
"CVACZ-G650","0"
"CVABC-G585","0"
"CVADW-M648-Yellow","0"
"CVLM-I202-2GEN","0"
"CVADP-E375","0"
"CVYF-104138-Black","0"
"CVPT-A369","0"
"CVAER-I453","0"
"CVSN-G661","0"
"CVXR-A380","0"
"CVAAV-A381","0"
"CVZP-M533-2GEN","0"
"CVZP-M533-White-2GEN","0"
"CVZC-M674-Black","0"
"CVZC-M674-Yellow","0"
"CVZC-M498-Orange-2GEN","0"
"CVPT-A375","0"
"CVACQ-LT248","0"
"CVAEO-B55","0"
"CVACZ-G699","0"
"CVACZ-G702","0"
"CVAFA-I459","0"
"CVAAN-S65","0"
"CVIZ-LT245","0"
"CVPT-E407","0"
"CVZP-M533-Blue-2GEN","0"
"CVZC-M598-Orange","0"
"CVYZ-M516-Pink-2GEN","0"
"CVYF-M684","0"
"CVZP-M663-Black","0"
"CVZP-M663-White","0"
"CVAAK-M679","0"
"CVAEV-M667-Black","0"
"CVYF-M688-Black","0"
"CVYF-M688-White","0"
"CVSB-G664","0"
"CVZI-E414","0"
"CVFU-E409","0"
"CVAEX-E413","0"
"CVXO-A384-Black","0"
"CVXO-A384-Silver","0"
"CVWY-M680-Black","0"
"CVWY-M680-Golden","0"
"CVWY-M680-Silver","0"
"CVADW-M662-White","0"
"CVYF-M687-White","0"
"CVYF-M687-Black","0"
"CVVE-C184-3GEN","0"
"CVADP-E416","0"
"CVADW-M662-Black","0"
"CVADQ-A332","0"
"CVABC-E368","0"
"CVYK-A385","0"
"CVADP-E417","0"
"CVACC-H169","0"
"CVAK-E360-Golden","0"
"CVAK-E360-White","0"
"CVXR-A386","0"
"CVSN-OG47","0"
"CVAFB-E418","0"
"CVYP-I460","0"
"CVSN-OG48","0"
"CVACL-M619-White","0"
"CVAEK-LT242","0"
"CVADR-MX4-Gray-16G","0"
"CVAEE-J116","0"
"CVADA-M685","0"
"CVYF-104136-8G-Black-2GEN","0"
"CVAEL-E394-2GEN","0"
"CVSB-OG15-2GEN","0"
"CVACC-A389","0"
"CVACQ-LT249","0"
"CVXD-A376","0"
"CVYF-94135-3G-White","0"
"CVYF-94135-3G-Black","0"
"CVYF-M689-Black","0"
"CVYF-M689-White","0"
"CVGC-LT174","0"
"CVZC-M675-Yellow","0"
"CVYM-E420","0"
"CVYM-E419","0"
"CVAEK-LT254","0"
"CVJC-G513-2GEN","0"
"CVYF-A388","0"
"CVADJ-K252","0"
"CVZC-M675-Green","0"
"CVYF-M692-White","0"
"CVYF-M692-Black","0"
"CVAER-I461","0"
"CVABB-E359-2GEN","0"
"CVJI-E357","0"
"CVACJ-E323","0"
"CVXD-E404","0"
"CVABC-E410","0"
"CVXD-LT199","0"
"CVXT-M564-Black-2GEN","0"
"CVXD-G703","0"
"CVYM-E246-4GEN","0"
"CVADA-M702-Black","0"
"CVADA-M702-Silver","0"
"CVZC-M675-Grey","0"
"CVZC-M699-Orange","0"
"CVZC-M699-Black","0"
"CVADA-M617-Orange","0"
"CVADA-M617-Gold","0"
"CVAEW-M696-White","0"
"CVAEW-M696-Black","0"
"CVXD-A335","0"
"CVAEW-M697-White","0"
"CVXT-M700-White","0"
"CVXT-M701-Red","0"
"CVXT-M701-Black","0"
"CVXT-M700-Black","0"
"CVYF-104136-16G-White","0"
"CVAET-I463","0"
"CVAEK-OG50","0"
"CVYF-M654-White","0"
"CVXT-M606-Black-2GEN","0"
"CVAEB-E421","0"
"CVPT-5468-2GEN","0"
"CVUZ-74120-2GEN","0"
"CVUG-TR58","0"
"CVYH-J117","0"
"CVXT-M701-White","0"
"CVLM-I462","0"
"CVAAU-G563-N1","0"
"CVAFD-H171","0"
"CVPT-A390","0"
"CVAEF-THL-4000-White","0"
"CVAEF-THL-4000-Black","0"
"CVZG-M521","0"
"CVACB-M555-White","0"
"CVYF-DV110","0"
"CVYF-A387","0"
"CVJI-E425","0"
"CVYC-I400","0"
"CVACB-M555-Black","0"
"CVYF-104136-16G-White-2GEN","0"
"CVYF-104143-Blue","0"
"CVYF-104143-Red","0"
"CVYF-104143-White","0"
"CVYF-104143-Black","0"
"CVFU-E282-2GEN","0"
"CVAFB-E424","0"
"CVADP-E430","0"
"CVAEF-THL-T11-Black-2GEN","0"
"CVAEF-THL-T11-White-2GEN","0"
"CVZE-M705-Yellow","0"
"CVVE-C258","0"
"CVIZ-LT164-Blue","0"
"CVACQ-E433","0"
"CVADR-MX4-Silver-32G","0"
"CVYZ-M582-White-2GEN","0"
"CVAEY-M694-Black","0"
"CVAEY-M694-White","0"
"CVUZ-74120-3GEN","0"
"CVYC-I389","0"
"CVAFI-M739","0"
"CVAFI-M740","0"
"CVAFI-M738","0"
"CVAEK-LT257","0"
"CVYE-I404","0"
"CVAFJ-E438-Black","0"
"CVXR-H177","0"
"CVAFH-M745-Blue","0"
"CVAFH-M737-White","0"
"CVACC-A399","0"
"CVXD-A269","0"
"CVACO-A403","0"
"CVAFL-M747-Black","0"
"CVAFL-M747-Green","0"
"CVYF-M744-White","0"
"CVYF-M744-Black","0"
"CVAFL-M747-Orange","0"
"CVAFL-M747-Yellow","0"
"CVAEQ-J118","0"
"CVZC-M718-2GEN","0"
"CVYD-H179","0"
"CVYF-74147-Champagne","0"
"CVYM-E310-2GEN","0"
"CVZN-H114","0"
"CVAEK-LT265","0"
"CVFU-E443","0"
"CVAFG-G710","0"
"CVYF-74147-Black","0"
"CVAFB-E439","0"
"CVZR-H181","0"
"CVYF-10487","0"
"CVYZ-M691-Yellow","0"
"CVIZ-LT126-Red","0"
"CVEM-M690-Black","0"
"CVAAV-A411","0"
"CVYF-A408","0"
"CVADW-E447","0"
"CVAET-I472","0"
"CVAEQ-A377","0"
"CVACC-A407","0"
"CVSB-LT210","0"
"CVACT-C365","0"
"CVUG-74118","0"
"CVFD-M753","0"
"CVFU-E445","0"
"CVZY-I313-2GEN","0"
"CVACQ-A409","0"
"CVAAK-M756","0"
"CVACQ-A406-Silver","0"
"CVACQ-A406-Black","0"
"CVPT-E451","0"
"CVAFN-DV111","0"
"CVYF-94153","0"
"CVFU-E441","0"
"CVACL-M764","0"
"CVYE-I374","0"
"CVABB-E453-White","0"
"CVACO-LT194","0"
"CVACQ-OG40","0"
"CVAAC-I452","0"
"CVYW-I458","0"
"CVSN-G713-Purple","0"
"CVSN-G713-Yellow","0"
"CVPL-TR57","0"
"CVAFF-LT256","0"
"CVYF-94149","0"
"CVAFI-M739-Black","0"
"CVAFI-M740-Black","0"
"CVAEN-M638-Yellow","0"
"CVAEN-M638-Orange","0"
"CVAEN-M638-Black","0"
"CVXT-M746-Golden","0"
"CVFD-M706-Golden","0"
"CVKG-I414","0"
"CVAFA-I465","0"
"CVAFL-M759-Yellow","0"
"CVAEF-THL-2015","0"
"CVAEF-THL-5000T","0"
"CVAER-I467","0"
"CVYF-7451-Blue-4G","0"
"CVZP-M733-Black-2GEN","0"
"CVYM-E291-3GEN","0"
"CVADP-E415","0"
"CVAFN-DV112","0"
"CVADO-LT251","0"
"CVZP-M752-Red","0"
"CVAFL-M759-Black","0"
"CVADW-M763-Black","0"
"CVOR-A414-Yellow","0"
"CVAFO-A413-White","0"
"CVYC-I473","0"
"CVOR-M775","0"
"CVVE-C371-2GEN","0"
"CVYC-I417","0"
"CVYF-7451-Green-8G","0"
"CVYF-M654-Black","0"
"CVAEW-M670-White","0"
"CVZP-M732-White","0"
"CVZP-M732-Black","0"
"CVAFB-E444","0"
"CVYF-104159","0"
"CVYF-B59","0"
"CVYF-B61","0"
"CVYF-B57","0"
"CVYF-B58","0"
"CVEC-E454","0"
"CVYF-M772-White","0"
"CVAEK-LT268","0"
"CVAEK-LT270","0"
"CVAEK-LT269","0"
"CVAEK-LT271","0"
"CVWL-DV115","0"
"CVABR-C388","0"